楼房名称,价格（套/万元）,单价（元/m2）,地址,房间样式,房间规模（m2）,楼层规模
满两年 万科物业 配套完善 楼层好 采光充足,236,30818,托乐嘉贵邻居 ,2室1厅 ,76.58, 高楼层
花雨南庭 小区环境 配套好 随时看房,290,32632,花雨南庭 ,2室2厅 ,88.87, 高楼层
同面积段户型好 东南方向采光都好,212,33603,紫气钟山 ,2室1厅 ,63.09, 低楼层
光华门 月牙湖 精装两房中楼层 拎包入住,153,29866,光华园 ,2室1厅 ,51.23, 中楼层
迈皋桥地铁口十字街71号小区 婚装三房 房采光好,227,25047,十字街71号 ,3室1厅 ,90.63, 高楼层
地铁600米 楼层好 采光好  景观房 交通方便,282,34953,名城世家花园 ,2室2厅 ,80.68, 高楼层
满两年不唯一 业主诚心出售， 交通便利，配套设施齐全,198,17284,泰来苑 ,3室1厅 ,114.56, 高楼层
滟紫台大平层 户型好 楼层好 楼位好 采光好 视野好！,808,30856,滟紫台 ,4室2厅 ,261.87, 高楼层
纯毛坯，户型方正，交通便利，配套完善。,275,22418,华菁水苑 ,3室2厅 ,122.67, 中楼层
满二年 大四房 湖景房 钥匙房 看房方便,388,23756,万裕龙庭水岸 ,4室2厅 ,163.33, 25层 
迈皋桥 三房 电梯房9楼 以前的精装修,329,30323,兰亭雅苑 ,3室2厅 ,108.5, 高楼层
南师大西山 南北通透 楼层好 视野好 环境好 可停车,690,95661,南师大西山 ,3室1厅 ,72.13, 中楼层
翠屏城精装修大四房 25万装修 西边户 看房方便,182,15682,翠屏城 ,4室2厅 ,116.06, 中楼层
南北通透 中间楼层 采光不受影响,275,31169,富丽山庄 ,3室2厅 ,88.23, 中楼层
大四房 不临路 环境好 物业棒,424.5,29226,文化名园 ,4室2厅 ,145.25, 中楼层
满两年 精装修中 央空调和暖气 拎包入住 采光好,299,27853,弘阳旭日上城三区 ,3室1厅 ,107.35, 高楼层
大户型 环境好 管理好 封闭式小区 五老村 带电梯,570,32630,逸仙名居 ,4室2厅 ,174.69, 高楼层
孝陵卫 南理工 跃层 有储藏室  诚心出售,470,38503,南理工紫园小区 ,4室2厅 ,122.07, 高楼层
房屋不临马路 南边通透 采光无遮挡 中山门大街 精装,212,31761,江苏农科院住宅小区 ,3室1厅 ,66.75, 中楼层
云河湾小区 改善三房 两梯两户 采光好 南北通透,485,38413,云河湾 ,3室2厅 ,126.26, 高楼层
采光充足  户型方正 视野良好 出行方便,235,18764,华汇康城 ,3室2厅 ,125.24, 中楼层
满五唯一   户型通透   无需增值税,179,19819,文博苑 ,2室2厅 ,90.32, 低楼层
南北通透东边户，开发商精装修全新没有人住,330,38642,中航樾府 ,3室2厅 ,85.4, 高楼层
一梯一户 99年商品房 东边户 远眺紫金山 有车库,450,27421,富丽山庄 ,4室3厅 ,164.11, 中楼层
凤凰街84号 精装修 采光好 南北通透 汉中门地铁600米,245,45137,凤凰街84号 ,2室0厅 ,54.28, 高楼层
东边户 两房朝南 带东边阳台 不临街,305,40270,雅居乐花园 ,2室1厅 ,75.74, 高楼层
精装2房拎包住采光好视野好配套齐全交通便利,164,26240,花园路7号 ,2室1厅 ,62.5, 中楼层
满五年，精装修，位置好，户型好,360,28861,万达紫金明珠 ,3室2厅 ,124.74, 高楼层
满五年 房龄新 银城物业 交通便利 采光充足  诚心出售,280,33679,时光澔韵 ,2室1厅 ,83.14, 中楼层
无个税无增值税 百家湖景房 有燃气 厅室分离 采光好,140,26208,汇金旗林大厦 ,1室1厅 ,53.42, 低楼层
满两年 万科物业 配套完善 楼层好 采光充足,236,30818,托乐嘉贵邻居 ,2室1厅 ,76.58, 高楼层
花雨南庭 小区环境 配套好 随时看房,290,32632,花雨南庭 ,2室2厅 ,88.87, 高楼层
同面积段户型好 东南方向采光都好,212,33603,紫气钟山 ,2室1厅 ,63.09, 低楼层
光华门 月牙湖 精装两房中楼层 拎包入住,153,29866,光华园 ,2室1厅 ,51.23, 中楼层
迈皋桥地铁口十字街71号小区 婚装三房 房采光好,227,25047,十字街71号 ,3室1厅 ,90.63, 高楼层
地铁600米 楼层好 采光好  景观房 交通方便,282,34953,名城世家花园 ,2室2厅 ,80.68, 高楼层
满两年不唯一 业主诚心出售， 交通便利，配套设施齐全,198,17284,泰来苑 ,3室1厅 ,114.56, 高楼层
滟紫台大平层 户型好 楼层好 楼位好 采光好 视野好！,808,30856,滟紫台 ,4室2厅 ,261.87, 高楼层
纯毛坯，户型方正，交通便利，配套完善。,275,22418,华菁水苑 ,3室2厅 ,122.67, 中楼层
满二年 大四房 湖景房 钥匙房 看房方便,388,23756,万裕龙庭水岸 ,4室2厅 ,163.33, 25层 
迈皋桥 三房 电梯房9楼 以前的精装修,329,30323,兰亭雅苑 ,3室2厅 ,108.5, 高楼层
南师大西山 南北通透 楼层好 视野好 环境好 可停车,690,95661,南师大西山 ,3室1厅 ,72.13, 中楼层
翠屏城精装修大四房 25万装修 西边户 看房方便,182,15682,翠屏城 ,4室2厅 ,116.06, 中楼层
南北通透 中间楼层 采光不受影响,275,31169,富丽山庄 ,3室2厅 ,88.23, 中楼层
大四房 不临路 环境好 物业棒,424.5,29226,文化名园 ,4室2厅 ,145.25, 中楼层
满两年 精装修中 央空调和暖气 拎包入住 采光好,299,27853,弘阳旭日上城三区 ,3室1厅 ,107.35, 高楼层
大户型 环境好 管理好 封闭式小区 五老村 带电梯,570,32630,逸仙名居 ,4室2厅 ,174.69, 高楼层
孝陵卫 南理工 跃层 有储藏室  诚心出售,470,38503,南理工紫园小区 ,4室2厅 ,122.07, 高楼层
房屋不临马路 南边通透 采光无遮挡 中山门大街 精装,212,31761,江苏农科院住宅小区 ,3室1厅 ,66.75, 中楼层
云河湾小区 改善三房 两梯两户 采光好 南北通透,485,38413,云河湾 ,3室2厅 ,126.26, 高楼层
采光充足  户型方正 视野良好 出行方便,235,18764,华汇康城 ,3室2厅 ,125.24, 中楼层
满五唯一   户型通透   无需增值税,179,19819,文博苑 ,2室2厅 ,90.32, 低楼层
南北通透东边户，开发商精装修全新没有人住,330,38642,中航樾府 ,3室2厅 ,85.4, 高楼层
一梯一户 99年商品房 东边户 远眺紫金山 有车库,450,27421,富丽山庄 ,4室3厅 ,164.11, 中楼层
凤凰街84号 精装修 采光好 南北通透 汉中门地铁600米,245,45137,凤凰街84号 ,2室0厅 ,54.28, 高楼层
东边户 两房朝南 带东边阳台 不临街,305,40270,雅居乐花园 ,2室1厅 ,75.74, 高楼层
精装2房拎包住采光好视野好配套齐全交通便利,164,26240,花园路7号 ,2室1厅 ,62.5, 中楼层
满五年，精装修，位置好，户型好,360,28861,万达紫金明珠 ,3室2厅 ,124.74, 高楼层
满五年 房龄新 银城物业 交通便利 采光充足  诚心出售,280,33679,时光澔韵 ,2室1厅 ,83.14, 中楼层
无个税无增值税 百家湖景房 有燃气 厅室分离 采光好,140,26208,汇金旗林大厦 ,1室1厅 ,53.42, 低楼层
大行宫 常府街地铁口 二条巷小区 低楼层好房出售,207,42920,二条巷(秦淮) ,2室1厅 ,48.23, 低楼层
满2年，开发商装修  采光充足,187,24464,协众水岸风华 ,2室1厅 ,76.44, 低楼层
天润城第十二街区河东精装两房  可做婚房,165,23149,天润城第十二街区 ,2室1厅 ,71.28, 低楼层
马群东 东郊小镇跃层 南北通透 出行方便,195,15065,东郊小镇第一街区 ,3室2厅 ,129.44, 高楼层
河西，奥体，苏宁滨江壹号，精装修。,836,41792,苏宁滨江壹号 ,4室2厅 ,200.04, 低楼层
奥体大三房 户型南北通透 采光好  保养新,760,54047,嘉业阳光城天景苑一期 ,3室2厅 ,140.62, 低楼层
小区中间 2015年30万精装 小高层电梯房 满两年采光佳,526,41644,苏建豪庭 ,3室2厅 ,126.31, 中楼层
中间楼层   户型方正  楼层视野好,240,24753,天正天御溪岸B区 ,3室2厅 ,96.96, 中楼层
70年产权商品房  总价低  实用面积大 通燃气,170,23064,东郊小镇第四街区 ,4室2厅 ,73.71, 低楼层
21世纪小户型两房，交通配套齐全，看房方便业主诚售,199,28592,21世纪国际公寓 ,2室1厅 ,69.6, 中楼层
此房满两年，配套设施齐，视野开阔,220,20130,同心佳园 ,3室2厅 ,109.29, 中楼层
牌楼巷 拉萨路 电梯房 诚心出售,499,66864,怡景花园 ,3室1厅 ,74.63, 高楼层
天润城十六街区南区 婚装三房 中间楼层 采光刺眼,235,23995,天润城第十六街区南区 ,3室2厅 ,97.94, 中楼层
世茂外滩新城 4室2厅 800万,800,31110,世茂外滩新城 ,4室2厅 ,257.16, 低楼层
地铁口精装三房，配套齐全，随时可看,255,24629,天琪雅居 ,3室1厅 ,103.54, 低楼层
山水华门 平层 电梯洋房 满两年  硬装有地暖 带车位,465,30814,山水华门岭秀苑 ,3室1厅 ,150.91, 4层 
装修保养好 配套成熟 阳台多采光好,288,22571,经纬城市花园小区 ,4室2厅 ,127.6, 低楼层
南苑东边户大三房 户型方正 商品房性质 业主诚售,308,31964,话园 ,3室2厅 ,96.36, 中楼层
纯毛坯，未住过，随时可看，银城物业，百家湖商圈,385,37379,紫寓SOHO ,3室1厅 ,103, 高楼层
交通便利 带电梯 户型优秀 采光不挡,410,39861,三山花园 ,2室2厅 ,102.86, 中楼层
户型好，总价低，业主诚心出售，拎包入住,169,20134,威尼斯水城第十四街区 ,2室2厅 ,83.94, 低楼层
鼓楼龙江  正规两房 低楼层 采光充足 南北通透,315,62426,银城花园北片 ,2室1厅 ,50.46, 低楼层
滨江花园西园 满五年唯一 采光无遮挡 业主诚售,180,23420,滨江花园西园 ,3室1厅 ,76.86, 高楼层
鼓楼区龙江商圈 树人卖房诚心 银城物业 采光视野好,475,53043,清江花苑明月园 ,2室2厅 ,89.55, 高楼层
急售 太平南路 全明东边户婚装 夫子庙 带阁楼刚出新,270,26168,太平南路 ,3室2厅 ,103.18, 高楼层
安德新寓一楼带院子，交通便利，配套齐全,215,30922,安德新寓 ,3室1厅 ,69.53, 低楼层
精装修拎包入住，中间位置，采光无遮挡，诚心出售,220,20992,南湾营文康苑 ,3室1厅 ,104.8, 中楼层
河东两房 上学方便  离地铁近   看房方便,156,22424,天润城第十四街区 ,2室2厅 ,69.57, 中楼层
马群东复式挑高 楼层不错 出行方便 民用水电,102,24933,东郊小镇第八街区 ,2室1厅 ,40.91, 高楼层
精装修 户型方正 南北通透 明厨明卫，采光好,90,11852,颐家春天花园 ,2室2厅 ,75.94, 中楼层
长江路 珠江路 低总价 有钥匙,180,38217,长江花园 ,1室1厅 ,47.1, 中楼层
钟阜路小区  正规2房  中间楼层 南北 厨卫全明,135,27957,钟阜路小区 ,2室1厅 ,48.29, 中楼层
顶越 精装三房 带露台 中空调 地暖,450,27660,翠屏国际金榕苑 ,3室2厅 ,162.69, 高楼层
挑高户型，楼上面积不计入房产证，层次感好！,183,28443,东郊小镇第四街区 ,3室2厅 ,64.34, 高楼层
广州路 虎踞路 龙蟠里 汉中路 2000年商品房,550,58805,开元新居 ,3室2厅 ,93.53, 中楼层
看过来好房推荐，精装小三房，诚心出售带车位价格另算,252,28041,保利梧桐语花园 ,3室2厅 ,89.87, 中楼层
业主急卖 新街口 复式挑高 08年朝南,325,56219,天空之都 ,2室1厅 ,57.81, 高楼层
河西奥体 滨江奥城静思苑 满五年 南北通透 交通便利,530,42292,滨江奥城静思苑 ,3室2厅 ,125.32, 低楼层
朝南复式挑高 带露台 开发商精装修 无遮挡,310,46248,金地名京 ,1室1厅 ,67.03, 低楼层
满2年，采光好，环境优美，花园式小区，恒大物业,105,8336,恒大金碧天下湖光苑 ,4室1厅 ,125.96, 低楼层
126平大三房，中间楼层，满五年，仅售253万,253,20080,明发滨江新城三期 ,3室2厅 ,126, 中楼层
单价低，采光足，无遮挡，全明，居家好房,203,26364,东升村 ,3室1厅 ,77, 高楼层
春上西江 新空毛坯 奥南S3号地铁线刘村站,170,19763,弘阳春上西江 ,3室1厅 ,86.02, 中楼层
河西奥体 挑高三房 业主诚售 中间楼层 有车位另售,382,60819,金基汇锦国际 ,3室2厅 ,62.81, 高楼层
浦口大道旁 近隧道口 配套成熟 交通方便  有钥匙,288,22536,国信阅景龙华 ,3室2厅 ,127.8, 中楼层
禄口空港新城 交通方便 生活配套齐全 总价低 户型好,134,12073,永欣新寓海棠苑 ,3室2厅 ,111, 高楼层
此房户型方正，采光充足，南北通透，满二。税费少。,520,42332,高科荣境 ,3室2厅 ,122.84, 中楼层
江北婚装三房拧包入住 装修是真的很适合年轻人哦,282,25979,中海万锦熙岸一期 ,3室2厅 ,108.55, 高楼层
沿河一村，双南双北，户型好，两个大房间朝南。,171,29306,沿河一村 ,2室1厅 ,58.35, 中楼层
此房满五年，位置在迈皋桥老街上，交通便捷,135,23577,迈皋桥街184号 ,2室1厅 ,57.26, 高楼层
下马坊 地震局 满五年 楼层佳 带电梯 交通便利,436,36685,卫岗3号 ,3室2厅 ,118.85, 低楼层
五号线地铁口 超大露台 采光视野好 有钥匙,195,21495,合家春天 ,2室2厅 ,90.72, 高楼层
房子楼层好 采光好 业主诚心出售,260,22255,天地新城天心座 ,3室2厅 ,116.83, 中楼层
出行方便 生活配套齐全 户型通透 未住毛坯,280,21537,金盛田铂宫 ,3室2厅 ,130.01, 中楼层
弘阳二期精品小三房 低总价  精装修 物业好 环境优美,230,24211,弘阳旭日上城二区 ,3室2厅 ,95, 低楼层
开发商精装修 满两年 业主卖房换房 诚心出售,225,25889,中海万锦熙岸一期 ,2室2厅 ,86.91, 中楼层
虎踞关43号带门卫 带物业 正规小区 楼层好 阳光好,355,59936,虎踞关43号 ,2室1厅 ,59.23, 中楼层
满两年  精装修   2015年新小区  草坪绿化,182,23612,天润城第十六街区南区 ,2室2厅 ,77.08, 低楼层
珠江路浮桥纱帽巷蓁巷沙塘园将军巷采光不挡,336,63758,大纱帽巷40号 ,2室1厅 ,52.7, 低楼层
河西万达 金鹰欧尚 茶南商圈 兆园小区,131,31385,兆园 ,1室1厅 ,41.74, 中楼层
户型好 中间楼层 配套成熟 业主诚心出售,203,23211,天地新城天心座 ,2室2厅 ,87.46, 低楼层
中间楼层 精装修 满五年 诚心出售,192,25597,高尔夫国际花园 ,2室1厅 ,75.01, 中楼层
秦虹武定门 双南 两房 中间楼层 位置好 采光好,189,27491,武定新村 ,2室1厅 ,68.75, 中楼层
紫金山下 孝陵卫商圈  采光好,128,24317,中建八局 ,2室1厅 ,52.64, 高楼层
龙江金舟花园 南北通透 采光充足 楼层好 满五年,428,75981,金舟花园 ,2室1厅 ,56.33, 低楼层
白云园北片两室一厅户型，采光充足，交通便利。,200,31221,白云园北片 ,2室1厅 ,64.06, 高楼层
唱经楼 楼层好 配套齐全 采光无遮挡,230,34812,唱经楼西街 ,2室1厅 ,66.07, 高楼层
此房楼层好 户型好 采光无遮挡 房主诚心卖,238,26401,水月秦淮 ,2室1厅 ,90.15, 低楼层
逸翠居业主急售  满五年 户型好  看房随时,320,27007,逸翠居 ,3室2厅 ,118.49, 中楼层
大三房 业主诚心出售 看房方便,329,25308,百家湖国际花园 ,3室2厅 ,130, 中楼层
精装修三房  小区中间 得房率高 常府街地铁  独立小区,265,33784,马府新村 ,3室1厅 ,78.44, 高楼层
开发商精装修交付 小区新 环境好 拎包入住,190,21486,银亿东城第九街区 ,3室2厅 ,88.43, 高楼层
独有朝南边户 品牌家电 精装拎包入住 可看秦淮河景,127,34168,东渡国际青年城 ,1室1厅 ,37.17, 高楼层
苜蓿园大街 光华路 双卧朝南 大三房,200,25323,海福巷 ,3室1厅 ,78.98, 中楼层
象山和园 电梯房 采光好 交通便利 配套成熟 生活方便,153,19370,象山和园 ,2室2厅 ,78.99, 中楼层
大学城 招商方山里 刚需3房 满二年 急售,198,28564,招商方山里 ,3室2厅 ,69.32, 中楼层
大三房  南北通透  户型好 申家巷  常府街,498,31616,中天花园 ,3室2厅 ,157.52, 中楼层
小区中间位置，户型设计合理，装修保养好,395,34922,梅花山庄中沁苑 ,3室2厅 ,113.11, 中楼层
融侨花园  精装修两房 满五年  采光无遮挡,455,46344,融侨中央花园3期 ,2室2厅 ,98.18, 低楼层
采光无遮挡 居家精装 可以拎包住 中间楼层 小三房,368,38571,黄埔鑫园 ,3室2厅 ,95.41, 中楼层
滨江奥城好户型 小区中间 景观好 精装带入户花园,635,44593,滨江奥城观澜苑 ,3室2厅 ,142.4, 中楼层
满五唯一，采光好，精装修，拎包入住,440,38580,天成苑 ,3室2厅 ,114.05, 低楼层
满两年 大三房 全明户型 交通便利 商圈成熟,220,25035,莲花新城北苑 ,3室2厅 ,87.88, 低楼层
满2年 婚装 南北通透 带电梯 小区环境舒适度高 安静,183,20450,威尼斯水城第十四街区 ,2室2厅 ,89.49, 中楼层
满五年 南北朝向 自住精装修 南园 小区出新 交通便利,260,50369,王府园小区 ,2室1厅 ,51.62, 高楼层
翠屏城 大三房  客厅敞亮  随时看房,145,17091,翠屏城 ,3室2厅 ,84.84, 低楼层
江北新区 威尼斯水城 两房 业主 诚心出售,202,21931,威尼斯水城第二街区 ,2室2厅 ,92.11, 中楼层
武夷绿洲品兰苑 小区新 配套成熟,207,25744,武夷绿洲品兰苑 ,2室1厅 ,80.41, 高楼层
峨嵋岭 百步坡 汉中路 采光好 视野好,440,99256,峨嵋岭 ,2室1厅 ,44.33, 低楼层
满五唯一，南北通透，交通便利，生活方便，近隧道,169,19516,铭人丽岛 ,2室2厅 ,86.6, 低楼层
爱达花园 满五年 交通便利 配套成熟,162,27883,爱达花园兰花园 ,2室1厅 ,58.1, 中楼层
栖霞 马群 南湾营融康苑 两室一厅 带电梯,132,20206,南湾营融康苑 ,2室1厅 ,65.33, 低楼层
户型好，楼层好，采光充足，满五唯一,78,18263,南湾营文康苑 ,1室1厅 ,42.71, 高楼层
明月港湾 大两房 视野炸裂全明 电梯 无个税,241,24926,明月港湾彩云湾 ,2室1厅 ,96.69, 高楼层
水西门大街 茶亭村 双南 简装 小两房,148,28164,茶亭村 ,2室1厅 ,52.55, 高楼层
满两年 精装科技房 恒温恒湿 婚装家具家电 随时可看,380,44955,朗诗玲珑屿 ,3室2厅 ,84.53, 高楼层
此房满二，双南格局，楼层好，视野开阔，配套齐,300,54665,小火瓦巷 ,2室1厅 ,54.88, 中楼层
经典小小家，可拎包入住，满两年,100,24373,东郊小镇第八街区 ,2室1厅 ,41.03, 中楼层
带阁楼*三房 适合刚需！！！,150,24151,盛世花园 ,2室1厅 ,62.11, 高楼层
建宁路 钟阜路 绿城花园 城河村 玉桥,345,34500,绿城花园 ,3室2厅 ,100, 低楼层
月牙湖畔 苜蓿园大街 光华东街 居家装修三房 拎包入住,199.8,24272,光华东街 ,3室1厅 ,82.32, 高楼层
采光好，满二，精装修户型方正，两房朝南，客厅朝南,249.5,33630,中航樾府 ,2室1厅 ,74.19, 高楼层
满两年 不临街  中间楼层 采光不遮挡,565,74431,邮政世纪花园 ,2室1厅 ,75.91, 低楼层
楼层好，拎包入住，临莫愁湖公园，生活方便。,200,25349,水西门大街153号 ,3室1厅 ,78.9, 中楼层
新河二村 精装单室套 中间楼层 采光不遮挡,318,82086,新河二村 ,1室1厅 ,38.74, 低楼层
毛坯发挥空间大，中高楼层，环境不错，采光也不错,130,19124,玉兰园 ,2室1厅 ,67.98, 中楼层
明月港湾中层三房 户型方正，看房方便 业主诚售,268,25129,明月港湾月亮湾 ,3室2厅 ,106.65, 中楼层
宁夏路18号 户型方正 交通便利 96年房龄,465,58220,宁夏路18号 ,3室1厅 ,79.87, 高楼层
月牙湖紫金山 新装 两南一北户型 拎包入住 中间楼层,322,33988,苜蓿园山庄 ,3室2厅 ,94.74, 中楼层
急售好房！双地铁+南北通+固定车位+满五唯一,240,25557,湖滨世纪花园 ,2室2厅 ,93.91, 高楼层
常府街地铁 双南 满五年 交通便利 生活方便,395,33615,常府街 ,3室2厅 ,117.51, 中楼层
带电梯，中间楼层，大三房朝南，采光无遮挡，不临街,540,38691,桃花源居 ,3室2厅 ,139.57, 中楼层
满五年    采光好   配套齐全,120,16926,桂馨园 ,2室1厅 ,70.9, 低楼层
天润城地铁站 精装修 单价低 中上楼层,165,20373,天润城第十二街区 ,2室1厅 ,80.99, 中楼层
万科物业 开发商精装  满两年 中高楼层 视野无遮挡,228,26207,融侨观邸二期 ,2室1厅 ,87, 高楼层
舸舫西园 树人 精装修 一楼带院子 不占用,345,62096,舸舫西园 ,2室1厅 ,55.56, 低楼层
房子目前满两五年唯一 精装修 户型方正 采光好 房龄新,308,40618,小杨村小区 ,3室1厅 ,75.83, 中楼层
桥景苑  2012年电梯房 高楼层 采光无遮挡  业主诚售,200,24382,桥景苑 ,2室1厅 ,82.03, 高楼层
合家春天单室套  换房急售 配套成熟,98,25142,合家春天 ,1室1厅 ,38.98, 低楼层
河西奥体 正规二房 银城物业 房龄新,330,64303,莱蒙水榭春天 ,2室1厅 ,51.32, 低楼层
百家湖胜太路地铁口 精装2室 南北通透 带阳光房带院子,217,30478,湖滨公寓 ,2室1厅 ,71.2, 低楼层
不临街 一卧改两卧 朝南采光不挡 精装修,166,31583,晏公庙东 ,2室1厅 ,52.56, 低楼层
秦淮河畔 河西东部 双南全明 菜市场公交站南湖公园,134,26800,利民东村 ,2室1厅 ,50, 高楼层
居家两房 满2年 小区已出新 配套完善,235,49464,凤凰街4号 ,2室1厅 ,47.51, 高楼层
三开间朝南 好房 虹悦城 满五年 小区刚出新 通透,385,27401,爱达花园紫藤园 ,3室2厅 ,140.51, 中楼层
南北通透 带地暖和新风系统 统一密码锁,178,19439,南京碧桂园语林苑 ,3室2厅 ,91.57, 低楼层
户型方正在金阜路交通方便环境优美事宜生活便利,350,35212,金阜雅苑 ,3室2厅 ,99.4, 低楼层
明发滨江新城二期户型方正南北通透三房,255,21851,明发滨江新城二期 ,3室2厅 ,116.7, 中楼层
交通便利，采光不挡，离南京站，玄武湖近。,198,32034,御湖国际 ,2室1厅 ,61.81, 中楼层
三卧朝南  中间楼层  精装修保养好  拎包入住 单价低,208,17377,东郊小镇第二街区 ,3室2厅 ,119.7, 中楼层
此房 满两年 精装修 看房方便 户型方正,168,19302,东郊小镇第六街区 ,3室2厅 ,87.04, 高楼层
新庄村53号，95年房龄，总价低，大面积户型，,150,22728,新庄村53号 ,2室2厅 ,66, 高楼层
明园 2室2厅 202万,202,31732,明园 ,2室2厅 ,63.66, 低楼层
南湖公园 1楼有院子 上下两层 南北通透 满五年 诚售,185,35172,茶亭东街9巷 ,3室2厅 ,52.6, 低楼层
欣旺花苑二期 3室2厅 143万,143,14816,欣旺花苑二期 ,3室2厅 ,96.52, 高楼层
满五年唯一，大院子，院子里有小区唯一一颗紫藤,400,28709,21世纪假日花园 ,4室2厅 ,139.33, 低楼层
玄武湖畔 配套齐全 业主诚售 中间楼层,220,32935,板仓街49号 ,3室1厅 ,66.8, 中楼层
蒋王庙地铁站 双南一北全明三房精装拎包住,225,29217,蒋王庙街 ,3室1厅 ,77.01, 中楼层
定淮门 古平岗  三室 双南一北  有钥匙 业主诚售,238,30651,古平岗22号 ,3室1厅 ,77.65, 低楼层
新街口 上海路 大王fu巷 秣陵路 低总价 低单价好楼层,180,29911,秣陵路 ,3室1厅 ,60.18, 中楼层
南北通透通诚心出售采光好环境优美西安门地铁站,348,43070,西华东村社区 ,3室1厅 ,80.8, 低楼层
业主急售，南北方正大三居，中楼层,205,24705,兴贤佳园修贤苑 ,3室1厅 ,82.98, 中楼层
满五，自住装修保养好，户型方正，三开间朝南,346,22914,翠屏东南 ,4室2厅 ,151, 低楼层
玉兰小区 2室1厅 253万,253,40748,玉兰小区 ,2室1厅 ,62.09, 中楼层
万润嘉园 2室2厅 161万,161,17583,万润嘉园 ,2室2厅 ,91.57, 低楼层
品质物业 封闭式管理 绿化面积大 亲情服务,300,33175,万科金色领域 ,3室1厅 ,90.43, 低楼层
宁海路 房龄新 楼层好 南北通透 精装 满五年 价格好谈,529,95973,培德里 ,2室1厅 ,55.12, 中楼层
洪武公寓 2000年房龄 精装双南三房 满两年,338,41884,洪武公寓 ,3室1厅 ,80.7, 高楼层
迈皋桥宁欣苑  精装修婚房 三室拎包入住,209.8,22308,宁欣苑小区 ,3室1厅 ,94.05, 高楼层
满五年唯一 带两个固定租赁车位 装修好,670,48977,清江西苑 ,3室2厅 ,136.8, 低楼层
芳草园 3室1厅 595万,595,52725,芳草园 ,3室1厅 ,112.85, 中楼层
秦淮河畔银城物业江南名府满五年电梯三房高楼层,469,37205,江南名府 ,3室2厅 ,126.06, 中楼层
洲岛家园绿洲苑 高楼层两房 户型规整 保养得当,174,30021,洲岛家园 ,2室1厅 ,57.96, 高楼层
三九五九巷 南湖公园莫愁湖公园 交通便利 配套成熟,190,28693,三九五九巷 ,3室1厅 ,66.22, 中楼层
河西奥体 复式挑高 南北通透 房龄新,338,64963,金基汇锦国际凌江府 ,2室1厅 ,52.03, 高楼层
此房楼层低，有院子，东边户亮堂,135,34109,紫竹林2号 ,1室1厅 ,39.58, 低楼层
无抵押，产权清晰，巴西紫檀木地板，散步月牙湖。,338,35430,雅舍园 ,2室1厅 ,95.4, 高楼层
香缇丽舍 2室1厅 320万,320,34813,香缇丽舍 ,2室1厅 ,91.92, 中楼层
三山街，交通便利，配套完善，中间楼层,175,34806,来凤里 ,2室1厅 ,50.28, 中楼层
两房  采光好 满五 生活配套完善,365,60692,新河一村 ,2室1厅 ,60.14, 高楼层
温泉之乡  格局方正  房龄新环境好 交通便利,106,15836,锦泉东苑 ,2室1厅 ,66.94, 低楼层
玄武湖畔，紫金山下，全明户型，采光好,159,30000,锁金村5号 ,2室1厅 ,53, 中楼层
天润城地铁站 中高楼层视野开阔 精装修,175,22214,天润城第十二街区 ,2室2厅 ,78.78, 中楼层
满五不唯一，小区楼栋位置佳，采光无遮挡。,112,17215,南湾营润康苑 ,2室1厅 ,65.06, 中楼层
视野开阔，采光充足，生活配套设施完善，交通便利,89,18813,花港幸福城海棠园 ,1室1厅 ,47.31, 高楼层
品子户，3开间朝南，地铁50米，满五唯一,158,23198,天润城第十一街区 ,2室2厅 ,68.11, 高楼层
采光好双南户型居家装修交通价格便宜,148,23567,燕康园 ,2室1厅 ,62.8, 高楼层
很好楼层 满五年不唯一 无抵押  看房有钥匙,108,26081,将军塘 ,1室1厅 ,41.41, 中楼层
河西万达广场 万达东坊小区 满五年 集庆门大街地铁口,325,44412,万达东坊 ,2室2厅 ,73.18, 中楼层
景明佳园集景苑 2室1厅 180万,180,24658,景明佳园集景苑 ,2室1厅 ,73, 低楼层
奥体 地铁口 保利香槟国际 精装修 独门独户 大三房,708,49916,保利香槟国际 ,3室1厅 ,141.84, 低楼层
楼层好 位置安静  采光无遮挡 近地铁口,253,30493,阳光聚宝山庄 ,2室2厅 ,82.97, 中楼层
玄武区 交通便利 生活方便 房龄新 楼层好 两房朝南,154,23940,营苑西村 ,2室1厅 ,64.33, 中楼层
此房户型方正，楼层佳，采光充足，业主诚心出售,185,24886,旭日爱上城第四区南区 ,2室2厅 ,74.34, 中楼层
朗诗青春街区 满2年 有钥匙 朗诗物业 户型好,140,18531,朗诗青春街区 ,2室2厅 ,75.55, 中楼层
夫子庙商圈 总价低单室套 配套齐全,220,54442,王府园小区 ,1室1厅 ,40.41, 高楼层
房龄新三牌楼大街广东路小区新精装东边户全明满五唯一,215,38670,广东路 ,2室1厅 ,55.6, 高楼层
10号线地铁 居家装修 拎包入住 大2居  满5年,169,25433,菊花新村二村 ,2室1厅 ,66.45, 高楼层
视野开阔，采光充足，生活配套设施完善，交通便利,138,21350,南湾营煦康苑 ,2室1厅 ,64.64, 高楼层
此房2010年房龄，配套成熟，交通便利，楼层好,145,25466,汇景家园景泰苑 ,2室1厅 ,56.94, 高楼层
河西万达  金鹰欧尚  茶南商圈  地铁口,239,26725,露园 ,2室1厅 ,89.43, 高楼层
朝南采光好 小区环境好 鼓楼地铁 丹凤街,143,33975,石婆婆巷 ,1室1厅 ,42.09, 高楼层
芦席营21号小区有小区环境 环境安静 装修好,230,37687,芦席营 ,2室1厅 ,61.03, 低楼层
3开间朝南 客厅朝南带阳台 开发商精装修交付 楼层好,218,24799,中航樾公馆 ,3室2厅 ,87.91, 高楼层
此房满五年唯一 东边户  有狮子山景区 江景房 电,420,35038,卢龙山庄 ,3室1厅 ,119.87, 高楼层
孝陵卫商圈 满五年 小三房 南北通透 户型方正 采光好,228,29649,晏公庙1号 ,3室1厅 ,76.9, 中楼层
辰龙广场 电梯三房 南北通透东边户 采光好 满五年,605,51745,辰龙广场 ,3室2厅 ,116.92, 高楼层
精装三房 南北通透 户型方正 采光无遮挡,268,32348,石鼓路225号 ,3室1厅 ,82.85, 高楼层
天玺国际，电梯高层，南北通透。,605,66418,天玺国际广场 ,2室2厅 ,91.09, 高楼层
城东 月牙湖 银城物业 视野好 诚心出售,579,40273,银城东苑东篱苑 ,3室2厅 ,143.77, 中楼层
小三房 满五年 南京站旁 南北通透 采光好视野无遮挡,153,22484,小市街 ,3室1厅 ,68.05, 高楼层
镇江路 3室1厅 219万,219,25594,镇江路 ,3室1厅 ,85.57, 高楼层
拎包入住 有电梯 金盛路 岔路口 业主诚心出售看房方便,175,22494,盈家春天 ,2室2厅 ,77.8, 高楼层
光华路 海福巷 中间楼层 业主诚售,180,27456,四方新村七村 ,3室1厅 ,65.56, 高楼层
此房满五年，楼层好，采光无遮挡，户型方正,570,75060,邮政世纪花园 ,2室2厅 ,75.94, 中楼层
陶然经典，满2年，无增值税，精装2房，拎包入住,117,16505,陶然经典 ,2室2厅 ,70.89, 中楼层
玲珑翠谷 精装修 环境好 带电梯洋房 房龄新,310,32095,玲珑翠谷 ,3室2厅 ,96.59, 中楼层
仙鹤山庄 位置好 楼层好  采光充足 业主诚心出售,278,28061,仙鹤山庄 ,3室1厅 ,99.07, 低楼层
鼓楼滨江 热河南路 一楼带院子 满五唯一 采光好,215,35822,热河南路 ,2室1厅 ,60.02, 低楼层
天地新城天枢座 3室2厅 288万,288,22250,天地新城天枢座 ,3室2厅 ,129.44, 低楼层
应天大街 18年婚装 带阁楼 河西大两房 有车位 诚售,350,38675,新百花园 ,2室2厅 ,90.5, 高楼层
时光低总价三房 房龄新 银城物业 中上楼层,360,33309,时光澔韵 ,3室2厅 ,108.08, 高楼层
满五唯一，蓝岸好房，房主诚心出售！,178,35459,蓝岸尚城 ,2室1厅 ,50.2, 中楼层
金陵小区 刚需小两房 双卧朝南 采光好,126,27045,金陵新八村 ,2室1厅 ,46.59, 高楼层
白鹭花园凤栖苑两房 满五唯一 不临街 地铁2号线,144,27843,白鹭花园凤栖苑 ,2室1厅 ,51.72, 高楼层
名城世家 带装修两房 客厅带阳台 配套成熟 环境好,289,34799,名城世家花园 ,2室2厅 ,83.05, 中楼层
铜坊苑 四楼 大两房 厨卫全明 西边户 满五唯一 地铁,179,29538,铜坊苑小区 ,2室1厅 ,60.6, 中楼层
泰和园 东门街 和燕园 小市街,148,23972,小市街 ,2室1厅 ,61.74, 高楼层
挑高房，电梯房，小区安静整洁，小区环境好,182,46065,澳丽嘉园 ,2室1厅 ,39.51, 中楼层
满五唯一 电梯房 交通便利 采光好,163,33678,唱经楼西街 ,1室1厅 ,48.4, 中楼层
南京南站 大校场 大明路 有收益金  采光好 交通便利,133,23350,汇景家园汇祥苑 ,2室1厅 ,56.96, 6层 
南北通透 中间楼层  看房方便 有钥匙 采光充足,236,27782,万达紫金明珠 ,2室2厅 ,84.95, 中楼层
仁恒二期 带大院子 采光不挡 业主诚售,486,42409,仁恒翠竹园 ,2室2厅 ,114.6, 低楼层
顶楼带跃层，业主换房诚心出售，满五唯一,208,14516,东郊小镇第二街区 ,5室2厅 ,143.3, 高楼层
汉中路 峨嵋岭 汉中门地铁站 拉萨路,500,98252,峨嵋岭 ,2室1厅 ,50.89, 中楼层
中山门，满五年，精装修单室套，采光足，拎包入住,166.5,34819,中山门小区 ,1室1厅 ,47.82, 高楼层
交通出行，小区配套，小区介绍。,200,25556,宁栖园 ,2室1厅 ,78.26, 高楼层
采光无遮挡 全明户型 满两年 精装修,139,20012,东郊小镇第五街区 ,2室1厅 ,69.46, 高楼层
大明路  南部新城  洪家园 精装修  生活方便,173.5,28816,康居里 ,2室1厅 ,60.21, 中楼层
新街口 石鼓路 配套成熟 张府园 装修好 户型方正,148,36400,王府大街 ,1室1厅 ,40.66, 中楼层
上海路地铁口 电梯房 满五年 交通便利 生活方便,500,75735,怡景花园 ,2室1厅 ,66.02, 中楼层
龙福山庄 2室1厅 234万,234,30957,龙福山庄 ,2室1厅 ,75.59, 中楼层
此房满五年 没有增值税 省去很大一部分资金 使用面积,180,20455,银龙花园三期 ,3室2厅 ,88, 低楼层
朝天宫西街98号 4室1厅 340万,340,32137,朝天宫西街98号 ,4室1厅 ,105.8, 低楼层
开发商精装修 中间楼层 采光好,410,36035,高科荣域 ,4室2厅 ,113.78, 中楼层
紫金山 苜蓿园 南航宿舍 一楼带院子 满五唯一,279,34137,卫桥新村 ,3室1厅 ,81.73, 低楼层
"南北户型楼层好 采光好 居家装修,,,,,,,,,,,",155,21100,景明佳园畅景苑 ,2室1厅 ,73.46, 高楼层
居家装修  中间楼层 采光无遮挡,265,31020,鸿信清新家园 ,2室2厅 ,85.43, 高楼层
清河新寓二村 满五年 精装修 拎包入住,468,78432,清河新寓二村 ,2室1厅 ,59.67, 高楼层
此房4.8米挑高 采光充足 中间楼层 精装房 业主急售,96,23398,东郊小镇第八街区 ,2室1厅 ,41.03, 低楼层
精装修满两年 通透挑高 多一个储藏间 双阳台,120,25636,东郊小镇第四街区 ,2室2厅 ,46.81, 中楼层
满两年 小区里人车分离 南北通透，中间楼层,195,22000,威尼斯水城第九街区 ,2室2厅 ,88.64, 高楼层
满五不唯一  户型方正  视野很好,185,20785,威尼斯水城第九街区 ,2室2厅 ,89.01, 中楼层
定淮门小区  居家装修  环境优美,128,27851,定淮门 ,1室1厅 ,45.96, 中楼层
精装修 电梯房 4.8米挑高 中高楼层,128,28126,东郊小镇第八街区 ,2室1厅 ,45.51, 高楼层
满五年 有钥匙 看房方便 楼层很好,160,38835,积善新寓睦和园 ,1室2厅 ,41.2, 低楼层
栖霞区 花岗幸福城海棠园 两室 带电梯 环境好,140,20447,花港幸福城海棠园 ,2室1厅 ,68.47, 高楼层
满五年 房龄新 南京大学 经典户型 诚心出售,200,39002,吉兆花园 ,2室1厅 ,51.28, 高楼层
武夷名仕园新空毛坯大三房 南北通透 采光充足 配套齐,225,21029,武夷名仕园 ,3室2厅 ,107, 中楼层
融侨观邸 万科物业 环境优美 交通便利,265,24585,融侨观邸二期 ,3室2厅 ,107.79, 中楼层
提前②0min联系我可以看房 | 真實房源均可看,680,48098,朗诗熙华府 ,3室2厅 ,141.38, 高楼层
南部新城 三房 总价低 房龄新  小区环境好,238,30513,宇秦园 ,3室1厅 ,78, 中楼层
满五年 三房 南北通透 业主诚心卖房,590,45284,银城东苑毓秀苑 ,3室2厅 ,130.29, 中楼层
此房满五年 复式大挑高，户型方正 70年产权商品房,175,23720,东郊小镇第四街区 ,4室2厅 ,73.78, 中楼层
业主诚心售房双南户型，阳光全年无遮挡，配套成熟。,207,34984,莫愁新寓迎春里 ,2室1厅 ,59.17, 高楼层
南部新城  雨花台  花雨南庭  交通便利,315,35735,花雨南庭 ,3室1厅 ,88.15, 高楼层
总价低 单室套 看房方便 精装 拎包住,199.9,37597,中北蔚蓝星座 ,1室1厅 ,53.17, 低楼层
岔路口双龙大道 山水方舟 环境好 交通便利 配套成熟,166,25484,山水方舟 ,2室1厅 ,65.14, 中楼层
山阴路 满五年，带小区，交通便利，南北通透。,555,94260,山阴路 ,2室1厅 ,58.88, 中楼层
七彩星城  低价小两房 满二无增值税,131,31058,七彩星城 ,2室1厅 ,42.18, 高楼层
经纬城市花园小区 1室1厅 118万,118,30413,经纬城市花园小区 ,1室1厅 ,38.8, 高楼层
双南双阳台，电梯房，常府街地铁交通便利,350,35368,常府街 ,3室1厅 ,98.96, 高楼层
南北全明户型 中间楼层 单价低,202,31667,晔园 ,2室1厅 ,63.79, 中楼层
中南麒麟锦城两房 总价低 满五唯一税少 看房随时方便,184,21546,中南麒麟锦城 ,2室2厅 ,85.4, 低楼层
此房满五年 户型好 采光充足 精装修,249,29236,万达紫金明珠 ,2室2厅 ,85.17, 中楼层
中间楼层 双南户型 交通方便 采光好 小区环境好,580,75966,临江新寓 ,3室1厅 ,76.35, 中楼层
刚需必备神房   采光充足    楼层好。,148,23111,广博苑 ,2室1厅 ,64.04, 中楼层
满五年 南北通透 采光充足 诚心出售,195,21429,威尼斯水城第十五街区 ,2室1厅 ,91, 中楼层
满两年采光充足户型明亮有一个设备阳台,260,24290,中海万锦熙岸一期 ,3室2厅 ,107.04, 低楼层
迈皋桥地铁 商品房电梯房 全明边户南北通透满五年唯一,265,27467,馨怡园 ,3室1厅 ,96.48, 高楼层
金陵新五村 中间楼层 交通便利 看房方便 拎包入住,148,24729,金陵新五村 ,2室1厅 ,59.85, 中楼层
满二，税费少，精装修，交通便利，配套成熟,135,26963,金陵新三村 ,2室1厅 ,50.07, 高楼层
十字街70号 精装修 东边户 全明户型,155,26542,十字街70号 ,2室1厅 ,58.4, 高楼层
万达商圈，带电梯，采光好，户型方正 ，通透,550,34209,舒心苑 ,4室2厅 ,160.78, 高楼层
刚需婚装两房  中等楼层 采光佳  格局方正,184,26174,宜家国际公寓 ,2室1厅 ,70.3, 中楼层
精装修  采光好 拎包入住 双房朝南,206,31542,富康新村 ,2室2厅 ,65.31, 中楼层
建邺奥体业主诚售随时看房地暖拎包入住仁恒品质,830,66952,仁恒G53 ,3室2厅 ,123.97, 高楼层
阳光之旅大三房一楼带院子 有钥匙随时看 价格可谈,240,18462,阳光之旅 ,3室2厅 ,130, 低楼层
苏州单室套 低总价 房间内可以通水 朝南阳光好,230,96558,苏州路 ,1室1厅 ,23.82, 中楼层
满两年税费低，精装带燃气，朝东不临街较安静。,124,26759,同曦新贵之都 ,1室1厅 ,46.34, 中楼层
此房毛坯满两年，出行便利，配套完善,95,20870,东郊小镇第八街区 ,2室1厅 ,45.52, 低楼层
奥体黑金版块 满两年 婚房装修 总价低中低,470,55217,宋都美域锦园 ,2室1厅 ,85.12, 低楼层
紫金山 玄武湖畔 精装两房 双南 明厅 岗子村地铁口,199.8,26866,紫鑫城 ,2室1厅 ,74.37, 高楼层
毛坯房源，东边户，通透户型，位置好，看房方便。,95,11000,亚东同城逸境 ,2室2厅 ,86.37, 中楼层
亚东同城逸境 1室1厅 65万,65,11207,亚东同城逸境 ,1室1厅 ,58, 低楼层
万科金色里程开发商交付精装修中高楼层视野采光好,232,33531,万科金色里程 ,2室1厅 ,69.19, 低楼层
点将台花园 业主诚售 配套完善 出行方便,125,18863,点将台花园 ,2室1厅 ,66.27, 高楼层
文安里小区北区，简装两房，拎包入住,126,27951,文安里小区北区 ,2室1厅 ,45.08, 高楼层
南部新城天地新城精装大两房  中间楼层  满两年,219,23323,天地新城天玑座 ,2室2厅 ,93.9, 中楼层
南北通透一居室，诚心出售，随时签约,420,92491,清河新寓二村 ,1室1厅 ,45.41, 高楼层
宁康苑小区 单室套，楼层好，户型方正，采光无遮挡,95,22711,南湾营宁康苑 ,1室1厅 ,41.83, 低楼层
一楼带院子 刚需精装拎包入住2室朝南 采光好,134,24188,尧新大道68号 ,2室1厅 ,55.4, 低楼层
满两年 中间楼层边户  精装修业主诚心出售 户型方正,265,28495,江佑铂庭 ,2室2厅 ,93, 中楼层
景明佳园集景苑 2室1厅 158万,158,22235,景明佳园集景苑 ,2室1厅 ,71.06, 低楼层
汉中门地铁口，电梯房单价低总价低,191,32478,鸿邺大厦 ,2室1厅 ,58.81, 中楼层
天元吉第城 满二 南北通透 楼层好 纯毛坯,205,22814,天元吉第城 ,2室2厅 ,89.86, 高楼层
南北通透 居家装修 满五年 环境好 诚售,185,27250,和燕园 ,2室1厅 ,67.89, 中楼层
恒大绿洲 满5年 精装修 自住 空置 有钥匙,270,29991,南京恒大绿洲 ,2室2厅 ,90.03, 中楼层
先锋青年公寓 满五不唯一 诚心出售,163,31774,先锋青年公寓 ,1室1厅 ,51.3, 中楼层
房子满2年，中间楼层，户型方正，采光好。,155,18114,东郊小镇第一街区 ,2室2厅 ,85.57, 中楼层
满五唯一 适合刚需 不临街！！,139,27128,盛世花园 ,2室1厅 ,51.24, 中楼层
满五年 南北通透 中间楼层 采光好 业主诚售 有车位,365,42012,云锦美地绮云居 ,2室2厅 ,86.88, 中楼层
新民路  五所村  长平路  两房  南北通透,128,29311,新民路 ,2室1厅 ,43.67, 中楼层
双龙大道地铁口 银城物业 有燃气带电梯  婚装保养好,120,26561,南方花园枫彩园 ,1室1厅 ,45.18, 低楼层
中间楼层 采光好 近地铁 看房方便,105,27203,金陵新五村 ,1室1厅 ,38.6, 中楼层
茶亭村 2室1厅 192万,192,32543,茶亭村 ,2室1厅 ,59, 中楼层
精装修  好楼层  新街口  张府园,259,51298,武学园小区 ,2室1厅 ,50.49, 中楼层
七彩星城  朝南精装大两房 采光很好  车位可租,220,25558,七彩星城 ,2室2厅 ,86.08, 高楼层
三期品茗苑精装修南北通透两房拎包入住,242,31889,武夷绿洲品茗苑 ,2室2厅 ,75.89, 低楼层
明发滨江新城三期 2室2厅 220万,220,22991,明发滨江新城三期 ,2室2厅 ,95.69, 高楼层
户型方正 朝南采光无遮挡  带燃气 3号线,140,23766,康博花园亲情公寓 ,2室1厅 ,58.91, 中楼层
安康村新上两房 精装修 双南户型 采光很好 地铁口,172,30715,安康村 ,2室1厅 ,56, 中楼层
玄武区次新小区墨香苑毛坯两房诚售价格可谈,168,25455,紫金墨香苑 ,2室1厅 ,66, 低楼层
"满两年，采光好,纯毛坯，好楼层",172,19604,西水湾家园23至69幢 ,3室1厅 ,87.74, 中楼层
名城一期远离火车 南北通透 业主之前的婚装保养新,306,39413,名城世家花园 ,2室2厅 ,77.64, 高楼层
小高层，满两年，两梯三户 位置安静，自住优选,175,22080,新城香溢紫郡 ,2室2厅 ,79.26, 中楼层
3开间朝南 客厅朝南带阳台 开发商精装修交付,238,26994,中航樾公馆 ,3室1厅 ,88.17, 中楼层
集庆门大街满五年 小区环境好 中间楼层 银城物业,369,39440,江南名府 ,3室1厅 ,93.56, 中楼层
有车位，和储藏室，楼层好视野采光,260,20926,银城蓝溪郡 ,4室2厅 ,124.25, 高楼层
有钥匙 随时看 单室套 小区配套齐全 采光无遮挡,86,19141,春江新城隐龙坊 ,1室1厅 ,44.93, 低楼层
满两年，采光好，两房朝南 精装修,249,29725,善水湾花园 ,2室2厅 ,83.77, 低楼层
天元瑞沨名苑，满两年，有钥匙看房方便,133,23135,天元瑞沨名苑 ,1室1厅 ,57.49, 中楼层
精装修大两房  南北通透 拎包住 采光好  楼层4楼,315,45765,宝地园 ,2室1厅 ,68.83, 中楼层
新街口 南北通透 交通便利 采光佳 业主诚心出售,228,61556,王府园小区 ,2室1厅 ,37.04, 高楼层
一南一北  采光不档   厅有窗户,170,32819,三条巷(鼓楼) ,2室1厅 ,51.8, 高楼层
马群东  一楼带院子 满五年 南北通透,174,21740,东郊小镇第六街区 ,2室2厅 ,80.04, 低楼层
此房满二唯一 采光好 精装修拎包入住 家具家电全,112,24040,尧林仙居 ,1室1厅 ,46.59, 高楼层
交通便利 房型好 小户型 无增值税,99.9,26139,开源小区二村 ,1室1厅 ,38.22, 高楼层
玻纤院  诚心出售  看房方便  欢迎看房,185,26615,玻纤院 ,2室1厅 ,69.51, 高楼层
西康路 中间楼层 双南户型 采光不挡 出行方便,565,99437,西康路 ,2室1厅 ,56.82, 中楼层
南湖边 居家两房 低楼层 适合刚需养老 配套成熟,160,31715,南湖边 ,2室1厅 ,50.45, 低楼层
鼓楼区 五塘和园 精装修 业主诚意出售,245,31487,五塘和园 ,2室2厅 ,77.81, 低楼层
精装电梯，三开间朝南，楼层好，视野开阔，采光充足。,441,46796,金陵大公馆 ,2室2厅 ,94.24, 高楼层
此房满两年，免增值税，挑高的电梯两房，生活配套成熟,146,26648,江山大厦 ,2室1厅 ,54.79, 中楼层
恒盛金陵湾优质小三房中间楼层精装修业主诚售,580,59665,恒盛金陵湾 ,3室2厅 ,97.21, 高楼层
东郊小镇 一楼带院子 满五年 免个税,140,21345,东郊小镇第三街区 ,2室1厅 ,65.59, 低楼层
业主已将房屋   改为3房     业主诚心出售,450,49928,奥体新城青桐园 ,3室2厅 ,90.13, 高楼层
精装三房 南北通透 户型方正 花园洋房,560,39194,仙龙湾山庄 ,4室2厅 ,142.88, 中楼层
保利东苑  满两年 精装三房 高楼层,328,36871,保利中央公园东苑 ,3室2厅 ,88.96, 高楼层
满五年 装修好 挑高三房 采光充足 户型方正,165,26678,东郊小镇第四街区 ,3室2厅 ,61.85, 中楼层
江岸水城 3室2厅 180万,180,19783,江岸水城 ,3室2厅 ,90.99, 高楼层
新上电梯三房 中间楼层 总价低采光不遮挡,379,32000,佳盛花园 ,3室2厅 ,118.44, 中楼层
永庆村小区 上海路地铁口 大三房采光好,533,82726,永庆村小区 ,3室1厅 ,64.43, 高楼层
爆款力推，房型方正，价格优惠，好房不等人,135,12273,汤山温泉公寓 ,3室2厅 ,110, 高楼层
乐居雅花园  小三房   精装  拎包入住,205,22733,乐居雅花园 ,3室1厅 ,90.18, 高楼层
栖霞 八卦洲 丽岛花园 视野开阔 精装二楼 采光充足,140,18051,丽岛花园 ,2室1厅 ,77.56, 中楼层
尚品馨苑三室二厅急售 看房方便,235,19790,尚品馨苑 ,3室2厅 ,118.75, 中楼层
橡树城 2室2厅 96万,96,11515,橡树城 ,2室2厅 ,83.37, 中楼层
南部新城 大明路 2005年商品房 电梯三房 拎包住,374,35045,良城美景家园 ,3室2厅 ,106.72, 中楼层
急售 非顶楼 无公摊 满5不唯一,266,30931,宁湖园岚岛别墅 ,3室2厅 ,86, 高楼层
此房满两年唯一 南北通透格局 配套齐全 万科物业,455,35459,万科金域蓝湾 ,3室2厅 ,128.32, 低楼层
长江峰景边户三房开发商装修 江景房 视野好,620,46680,长江峰景 ,3室2厅 ,132.82, 高楼层
万科金色领域 3室2厅 313万,313,35126,万科金色领域 ,3室2厅 ,89.11, 中楼层
瑞金路二号四号小区 2室1厅 210万,210,35782,瑞金路二号四号小区 ,2室1厅 ,58.69, 高楼层
东井村44号  低总价两房  小两房 配套齐全,132,23823,东井村44号 ,2室1厅 ,55.41, 高楼层
亲水湾花园4.8米挑高 契税发票满5年,180,33034,亲水湾花园 ,2室1厅 ,54.49, 中楼层
双南一北三房两卫东边户带地下租赁车位中高楼层采光好,488,39486,苏建艳阳居 ,3室2厅 ,123.59, 高楼层
中高楼层的， 没有增值税，没有抵押，产权人不共有。,166,19052,花港幸福城杜鹃园 ,3室1厅 ,87.13, 中楼层
俞家巷 2室1厅 165万,165,39286,俞家巷 ,2室1厅 ,42, 低楼层
满五年唯一 视野开阔 采光充足配套完善 环境优美,265,32520,五福巷33号小区 ,3室1厅 ,81.49, 高楼层
满2年楼层好精装修保养好采光无遮挡,175,22538,翠岭银河 ,2室1厅 ,77.65, 中楼层
南部新城大三房  中间好楼层  业主诚心出售  价格可谈,275,21033,南方花园A组团 ,3室1厅 ,130.75, 中楼层
满五唯一，复式带阁楼  采光好  使用面积大,200,19311,尧安新村 ,4室1厅 ,103.57, 高楼层
经纬城市花园 南北通透精装跃层4房 带大露台 带车位,288,20625,经纬城市花园小区 ,4室2厅 ,139.64, 高楼层
万达商圈 满五年 装修好 双卧朝南 看房子方便采光好,230,35522,桃园居 ,2室1厅 ,64.75, 高楼层
此房满两年 ，纯毛坯随意装修，楼层采光良好,276,24852,弘阳旭日上城三区 ,3室2厅 ,111.06, 中楼层
琅琊路 不占   中间楼层 采光不挡 两房朝南  诚心出售,580,87324,玉泉路 ,2室1厅 ,66.42, 中楼层
夫子庙商圈 通透性好 有物业 配套齐全 生活便利,218,61652,王府园小区 ,1室1厅 ,35.36, 中楼层
欧尚 双龙大道 上元大街 亲水湾花园,122,39040,亲水湾花园 ,2室1厅 ,31.25, 高楼层
中间楼层 户型方正 配套齐全 交通便利,172,31852,君临国际 ,1室1厅 ,54, 中楼层
鼓楼丹凤街金润发旁 精装电梯公寓 D铁双线生活便利,106,23369,恒基中心公寓 ,1室1厅 ,45.36, 中楼层
刚需两房，，户型方正，采光无遮挡,205,25868,百家湖西花园伦敦城 ,2室1厅 ,79.25, 低楼层
招商兰溪谷二期 3室1厅 210万,210,23713,招商兰溪谷二期 ,3室1厅 ,88.56, 中楼层
标准三房 户型方正 南北通透 仙鹤门 南门菜场,178,23734,仙居华庭 ,3室2厅 ,75, 中楼层
中电颐和二期，迈皋桥地铁站，万古慧商场,368,32335,中电颐和家园尚玄 ,3室2厅 ,113.81, 中楼层
朗诗未来街区二期 3室2厅 170万,170,22973,朗诗未来街区二期 ,3室2厅 ,74, 低楼层
双龙大道 金盛路 明月港湾精装修两房,218,24605,明月港湾星河湾 ,2室1厅 ,88.6, 高楼层
龙江小区 楼层低三房 居家装修 业主诚心卖 南北通透,290,43479,宝地园 ,3室1厅 ,66.7, 低楼层
满两年，带电梯精装有中 央空调，全南的户型,155,29357,优尚天地 ,2室1厅 ,52.8, 中楼层
世茂荣里三房 硬装20万 中高楼层 随时看房,245,27841,世茂荣里一期 ,3室1厅 ,88, 高楼层
4.8米挑高 楼层好 阳光充足 视野开阔,183,53353,新城逸境 ,1室1厅 ,34.3, 高楼层
保利罗兰春天 3室1厅 330万,330,34333,保利罗兰春天 ,3室1厅 ,96.12, 高楼层
保利罗兰香谷 3室2厅 336万,336,37890,保利罗兰香谷 ,3室2厅 ,88.68, 高楼层
景明佳园咏景苑 2室1厅 130万,130,18056,景明佳园咏景苑 ,2室1厅 ,72, 高楼层
南北通透两居室，诚心出售，看房方便,475,76787,清河新寓二村 ,2室1厅 ,61.86, 高楼层
江岸水城 业主诚售 看房方便 中间楼层 采光很好,208,17334,江岸水城 ,3室2厅 ,120, 中楼层
全明户型 南北通透 房改房 小区中间 大石桥 丹凤街,212,38082,居安里 ,2室1厅 ,55.67, 高楼层
新上中海一期 高楼层 采光好 视野开阔 满五年,630,63598,中海凤凰熙岸一期 ,2室2厅 ,99.06, 高楼层
人车分流，小区环境安静舒适，适宜居住,206,25994,中海国际社区一期 ,2室2厅 ,79.25, 低楼层
满五年无增值税 低总价两房 居家装修 换房诚售,369,67831,新河二村 ,2室1厅 ,54.4, 中楼层
满五唯一，诚心出售，户型好，采光好。,110,16810,摄山星城闻兰苑 ,2室1厅 ,65.44, 高楼层
五老村，南北通透，精装修，拎包入住，常府街，三条巷,155,35300,棉鞋营 ,2室1厅 ,43.91, 高楼层
满五唯一，中间楼层，产权清晰，随时可以过户,390,41936,云锦美地合锦苑 ,2室2厅 ,93, 中楼层
钟英不占 南北通透2房 总价低 满五年 中等装修,248,49003,王府园小区 ,2室1厅 ,50.61, 高楼层
光华路 双南双北户型 中低楼层 看房方便,189,28715,中和桥5号 ,2室1厅 ,65.82, 低楼层
精装修，满五唯一，看房方便，急卖，看中可谈。,155,19608,东郊小镇第六街区 ,2室2厅 ,79.05, 高楼层
长虹路6号 秦淮河景观房 满五年唯一省税 双南户型,200,27973,长虹路6号 ,2室1厅 ,71.5, 高楼层
燕子矶 1号北沿 次新小区 可拎包入住,275,31657,三金燕语庭 ,2室2厅 ,86.87, 低楼层
墨香山庄 玄武区 房龄新 精装大两房 拎包入住 诚心卖,245,25722,墨香山庄 ,2室2厅 ,95.25, 高楼层
业主再降价 实小本部  精装两房  业主换房  诚心出售,193,24062,大华锦绣华城香邑美颂 ,2室1厅 ,80.21, 低楼层
中间楼层，正规三房，双南一北，交通便利,249,34948,古平岗22号 ,3室1厅 ,71.25, 低楼层
山西路 水佐岗低总价两房 满五年无个税  两房朝南,183,35152,北四卫头 ,2室0厅 ,52.06, 高楼层
高尔夫国际花园 2室1厅 197万,197,26264,高尔夫国际花园 ,2室1厅 ,75.01, 中楼层
天湖园2000商品房 满五年唯一 居家装修两房 地铁口,212,31348,天湖园 ,2室1厅 ,67.63, 高楼层
近地铁 科小竹中 满五年唯一 中间楼层 带储藏室有车位,176,26667,金箔新村 ,2室2厅 ,66, 中楼层
金地风华 改善4房 开发商装修 有钥匙,685,48441,金地中心风华 ,4室2厅 ,141.41, 中楼层
河定桥 欧尚超市 人车分流  精装修 礼包入住,272,36350,同曦青春水岸 ,2室2厅 ,74.83, 高楼层
此房满两年 采光好 楼层好非顶楼 房主诚心出售,105,16048,摄山星城闻兰苑 ,2室1厅 ,65.43, 高楼层
桃园路18号 2室1厅 165万,165,23793,桃园路18号 ,2室1厅 ,69.35, 高楼层
燕舞园三园精装两房好楼层换房诚售,154,22365,燕舞园3园 ,2室1厅 ,68.86, 中楼层
新街口 省中医院 近地铁 电梯房,145,27272,张公桥小区 ,1室1厅 ,53.17, 低楼层
优质好房 总价低 中间楼层 小区中间位置,317,81786,新河一村 ,1室1厅 ,38.76, 高楼层
鼓楼 多伦路 精装两居 大阳台,180,26632,多伦路 ,2室1厅 ,67.59, 高楼层
光华路 城开家园 小天堂 中间楼层 电梯房,340,38121,城开家园 ,2室2厅 ,89.19, 中楼层
河海大学地铁口 精装两房 低价出售 满二,125,16993,水韵雨滴苑 ,2室1厅 ,73.56, 高楼层
银城物业 管理好 地段佳 2010年房龄交通便利户型好,178,28129,中商万豪 ,2室2厅 ,63.28, 低楼层
金地湖城艺境 自住精装修 满二，诚心卖房,330,34021,金地湖城艺境 ,3室2厅 ,97, 高楼层
地铁口  楼层不错 采光充足 视野很好,95,17925,天华绿谷庄园 ,1室1厅 ,53, 高楼层
低总价三房 采光无遮挡 中间楼层 看房有钥匙 业主急售,208,18017,威尼斯水城第十八街区 ,3室2厅 ,115.45, 低楼层
天润城第八街区 居家三房 户型方正 业主诚心置换,252,20080,天润城第八街区 ,3室2厅 ,125.5, 中楼层
花园路7号  精装修三房  位置好  户型方正  总价低,178,26177,花园路7号 ,3室1厅 ,68, 高楼层
次新房，带电梯口产权车位，新房从未入住，,215,18068,银亿东城第十一街区 ,3室2厅 ,119, 中楼层
2013年商品房 户型好 业主婚装 诚心出售,278,23167,乐居雅花园 ,4室2厅 ,120, 低楼层
南部新城三号线 精装  业主急售 上下两层  交通方便,202,26583,春光里 ,3室2厅 ,75.99, 高楼层
采光好，楼间距大，三房改四房，满足多口之家居住,247,20167,弘阳旭日上城一区 ,3室1厅 ,122.48, 中楼层
六合程桥街道 交通便利 经典3房 好楼层 精装 证满 库,62,7744,编钟公寓 ,3室1厅 ,80.07, 中楼层
荷花塘 3室1厅 85万,85,11334,荷花塘 ,3室1厅 ,75, 高楼层
楼层好 采光特好 小区环境好 视野开阔 弘阳广场,210,24965,弘阳旭日上城二区 ,2室2厅 ,84.12, 高楼层
10号线地铁 采光充足 舒适三房 依山傍水,320,30996,金浦翡翠谷 ,3室2厅 ,103.24, 高楼层
河西奥体  滨江奥城  大三房  精装修   视野好,570,42064,滨江奥城观澜苑 ,3室2厅 ,135.51, 中楼层
南京南站 绿地玉晖 精装修交付 业主急售,630,43187,绿地玉晖 ,4室2厅 ,145.88, 高楼层
名嘉佳园带电梯 地铁口 大三房 适合居家,310,18778,名嘉佳园小区 ,3室1厅 ,165.09, 中楼层
九龙湖秦淮河畔 地铁口 恒大绿洲 精装大平层,468,27443,南京恒大绿洲 ,4室2厅 ,170.54, 中楼层
配套成熟 业主诚心出售 看房方便,216,24877,天地新城天枢座 ,2室2厅 ,86.83, 低楼层
精装修，全实木地板，带暖气片，三菱空调，品牌家具,390,29948,藏龙御景 ,3室1厅 ,130.23, 低楼层
此房满2年 房龄新 楼层好 交通便利,335,37181,万科金域蓝湾 ,3室2厅 ,90.1, 低楼层
开发商精装修  东边户 大阳台 视野好,425,39720,正荣润江城 ,3室2厅 ,107, 中楼层
玄武区 华飞路 恒大翡翠华庭 4房2厅2卫,580,37756,恒大翡翠华庭 ,4室2厅 ,153.62, 中楼层
双南一北三房，通风好，楼层低，价格低。,173,28743,利民东村 ,3室1厅 ,60.19, 中楼层
弘阳时光里一区 3室2厅 268万,268,29131,弘阳时光里一区 ,3室2厅 ,92, 中楼层
江景房，毛坯随心装饰，视野采光好,335,38069,正荣润江城 ,3室2厅 ,88, 高楼层
东西朝向，全明结构，采光好，有约10平的院子。,170,35373,柏果树新寓 ,2室1厅 ,48.06, 低楼层
南湖公园 满五年三房两卫 中间楼层 采光不挡 双大阳台,475,39475,云锦美地绮云居 ,3室2厅 ,120.33, 中楼层
不靠马路 中间楼层 边户 七字形大飘窗,278,33899,大地伊丽雅特湾 ,2室2厅 ,82.01, 中楼层
南北通透 小区银城物业 采光视野好 满五年 精装,825,43772,金陵御景园 ,4室2厅 ,188.48, 低楼层
低密度 三房 次顶楼 采光充足 业主急售,223,25184,融创臻园 ,3室1厅 ,88.55, 高楼层
尧化门幸福里经典三房 采光好 交通便利  生活便利,225,25569,华润幸福里 ,3室2厅 ,88, 低楼层
随时看房 奥南 高楼层 江景房 全新未住 户型通透,550,46901,鲁能公馆 ,3室2厅 ,117.27, 高楼层
南方花园银城物业双龙大道地铁口总价低单室,89,24736,南方花园瑞阳居 ,1室1厅 ,35.98, 中楼层
深业  江景房  视野好   价格空间大,320,37648,深业滨江半岛 ,2室1厅 ,85, 中楼层
南部新城 双南一北电梯三房 小区中间位置 采光好,350,31192,良城美景家园 ,3室2厅 ,112.21, 低楼层
盐西街 满五唯一 双南户型 实用面积大,155,26910,盐西街小区 ,2室1厅 ,57.6, 高楼层
河西万达凤鸣苑两房 楼层好 采光充足  看房方便,275,34811,凤鸣苑 ,2室1厅 ,79, 低楼层
万达紫金明珠 中楼层两房 单价低总价低 满五年诚售,243,26834,万达紫金明珠 ,2室2厅 ,90.56, 中楼层
中间楼层 南北通透 交通便利 配套成熟 业主诚心出售,273,39704,上海路79号 ,2室1厅 ,68.76, 中楼层
武夷绿洲观竹苑 配套成熟 电梯两房 装修新,189.8,27884,武夷绿洲观竹苑 ,2室2厅 ,68.07, 低楼层
诚心急卖  满五年不唯一，没有增值税，居家装修,141,22905,天坛新寓 ,2室1厅 ,61.56, 高楼层
交通便利 低楼层  配套成熟 居家装修,458,68533,育才公寓 ,2室1厅 ,66.83, 低楼层
万达商圈 楼层好 居家装修 采光好,333,69651,佳和园 ,1室1厅 ,47.81, 低楼层
满二年 精装修 高楼层 万科物业 河西奥体,426,40303,滨江奥城观澜苑 ,2室1厅 ,105.7, 高楼层
绿洲新村 2室1厅 73万,73,15209,绿洲新村 ,2室1厅 ,48, 6层  
邓府山村 2室1厅 162万,162,23824,邓府山村 ,2室1厅 ,68, 高楼层
岗子村 地铁口 紫鑫城 双南全明 换房急售 有钥匙,233.6,31436,紫鑫城 ,2室2厅 ,74.31, 低楼层
中航樾府好房 精装三房朝南 满二 业主诚心出售,333,34168,中航樾府 ,3室1厅 ,97.46, 低楼层
低总价  北小  配套完善 交通方便,222,30184,21世纪国际公寓 ,1室1厅 ,73.55, 中楼层
万科金域蓝湾 品牌物业 精装有地暖 高楼层,465,36238,万科金域蓝湾 ,3室2厅 ,128.32, 高楼层
满五年 小两房 电梯房 中上楼层,142,22483,书香名门 ,2室1厅 ,63.16, 中楼层
中间楼层 新风系统 采光充足 视野开阔 全朝南次新房,290,35816,保利朗诗蔚蓝 ,2室2厅 ,80.97, 中楼层
弘阳上院毛坯三房 得房率高 高楼层视野好 满二,242,31429,弘阳上院 ,3室2厅 ,77, 高楼层
光华路 精装修两房总价低 满五年有钥匙 交通便利,138,26038,石门坎 ,2室1厅 ,53, 高楼层
三山街地铁口，满五总价低，小两房,156,31126,秦状元里 ,2室1厅 ,50.12, 高楼层
精装修 采光好 楼栋位置优 南北通透,340,35056,翠屏诚园 ,4室2厅 ,96.99, 低楼层
莫愁湖公园 南北通透 采光好 交通方便,208,26346,金贸新村 ,2室2厅 ,78.95, 高楼层
南部新城 大明路，东边户，采光好，视野好，拎包入住,185,30106,风光里小区 ,2室2厅 ,61.45, 高楼层
采光佳 户型好 生活配套成熟 交通便利,98,22592,归云堂15巷 ,1室1厅 ,43.38, 高楼层
带地暖，精装修，大两房，全明格局，采光好,305,29509,21世纪国际公寓 ,2室1厅 ,103.36, 高楼层
12年电梯房 不临街 自住精装修 满2年,605,61099,中海凤凰熙岸一期 ,2室1厅 ,99.02, 低楼层
小区河东位置，精装3房，满五唯一税少，中上楼层。,179.8,22162,天润城第十二街区 ,3室1厅 ,81.13, 中楼层
中浩学府风景花园，精装居家两房，带电梯,120,22293,中浩学府风景 ,2室1厅 ,53.83, 高楼层
精装两房 低价出售 业主诚心 ！,170,18974,天润城第五街区 ,2室1厅 ,89.6, 低楼层
简装修  采光好  南北通透 无个税 业主诚心,143,22285,莺虹苑 ,2室1厅 ,64.17, 高楼层
尚景公寓 靠地铁 生活方便 婚房装修 挑高复式 光线好,171,26389,尚景公寓 ,2室1厅 ,64.8, 中楼层
满五唯一，婚装，双南，带储藏室，带车位，不临高架,234,29479,应天花园 ,2室2厅 ,79.38, 中楼层
三山街 来凤里 交通便利 采光好 精装两房,162,28522,来凤里 ,2室1厅 ,56.8, 中楼层
景明佳园 有土地收益金 双地铁交通便利 中间楼层,100,20049,景明佳园赋景苑 ,1室1厅 ,49.88, 中楼层
真园 满五唯一 家中敞亮  高楼低价,150,27523,真园 ,2室1厅 ,54.5, 高楼层
金陵天成 2室1厅 162万,162,24259,金陵天成 ,2室1厅 ,66.78, 中楼层
新城科技园 钟鼎雅居 刚需精装两房 满五年 高楼层,366,44257,钟鼎雅居 ,2室2厅 ,82.7, 高楼层
浦泰和天下一期 2室2厅 184万,184,20969,浦泰和天下一期 ,2室2厅 ,87.75, 中楼层
莱蒙水榭阳光 满二唯一 交通便利 配套设施齐全,236,31789,莱蒙水榭阳光 ,2室1厅 ,74.24, 低楼层
南苑 文体路小吃街 七号线  省二中医院 东边户,180,32937,真园 ,2室1厅 ,54.65, 中楼层
三山街地铁口，满五年，精装房，拎包入住，交通便利,136,33269,玉带园 ,2室1厅 ,40.88, 中楼层
精装修 南北通透 不临街 采光充足 适合年轻人置业过渡,165,27170,阳光里 ,2室1厅 ,60.73, 高楼层
主城区 总价低 看房方便 采光好 房东诚心出售,180,26436,金轮园 ,2室1厅 ,68.09, 高楼层
月牙湖旁  大院子  采光充足   小区中间位置,498,37943,明湖山庄 ,3室2厅 ,131.25, 低楼层
此房精装修，空调加地暖，雅居乐品质,930,28441,藏龙御景 ,5室3厅 ,327, 中楼层
中海凯旋门 盐仓桥商圈  中间楼层 采光好,97,29182,中海凯旋门 ,1室1厅 ,33.24, 中楼层
西花园伦敦城 双开间朝南 户型方正 带大露台,188,30255,百家湖西花园伦敦城 ,2室1厅 ,62.14, 低楼层
此房视野宽阔，采光好，全明户型，每个房间都有窗户,97,32173,莫愁路 ,1室1厅 ,30.15, 高楼层
云谷山庄 简装两房 满五年 楼层好 业主诚售,210,31255,云谷山庄 ,2室1厅 ,67.19, 高楼层
世界温泉小镇 养龙山庄 临湖小区 环境好 空气好,75,12503,汤山养龙山庄 ,1室1厅 ,59.99, 高楼层
羲和 丹凤街 双南两房 大客厅 鼓楼地铁口,610,64537,羲和 ,2室2厅 ,94.52, 中楼层
骏景华庭 双阳台 两房  中间楼层 采光充足,268,30235,骏景华庭 ,2室2厅 ,88.64, 中楼层
西善花苑  得房率高 户型方正,138,20391,西善花苑祥和园 ,2室1厅 ,67.68, 中楼层
武学园 火瓦巷 98年房龄 电梯房 电梯直达  环境好,305,41770,武学园小区 ,2室1厅 ,73.02, 中楼层
双南户型，南北通，教师职工的房子房改房，诚意出售,189,30822,茶西里 ,2室1厅 ,61.32, 高楼层
光华路 无增值税 楼层好 采光好 有露台 小两房,148,29589,四方新村六村 ,2室1厅 ,50.02, 低楼层
银亿新交付的房子 小区新，环境好，人车分离,230,19317,银亿东城第十一街区 ,3室2厅 ,119.07, 高楼层
珠江路 浮桥 西安门 大行宫 总统府 环境好 有物业,340,33664,竺桥 ,3室1厅 ,101, 中楼层
6号线地铁，交通便利，配套成熟，紫金山下，天然氧吧,176,23089,花园路7号 ,3室1厅 ,76.23, 高楼层
中海塞纳丽舍东苑 楼层好采光好,1150,67122,中海塞纳丽舍东苑 ,4室2厅 ,171.33, 中楼层
万科品质物业 精装修满两年三房 南北通透,300,33708,万科金色领域 ,3室2厅 ,89, 中楼层
房龄新，小区环境好，朗诗物业管理规范，全明户型,133,18187,朗诗青春街区 ,3室2厅 ,73.13, 高楼层
基础设施完善 交通便利  采光好,800,40354,恒大华府 ,5室2厅 ,198.25, 高楼层
业主诚心售房南北通透户型，配套成熟。,198,37780,莫愁新寓迎春里 ,2室1厅 ,52.41, 中楼层
业主急售  满五唯一  西边户带露台 可以养花种菜,305,28111,百家湖西花园巴黎城 ,3室2厅 ,108.5, 低楼层
房子采光充足 小区环境优美 视野开阔,165,29344,明发滨江新城二期 ,1室1厅 ,56.23, 高楼层
满两年，楼层好，光线无遮挡，很诚心出售！,506,84729,清河新寓一村 ,2室1厅 ,59.72, 中楼层
苹果都市单室套 心动价格 有钥匙,54,11470,苹果都市 ,1室0厅 ,47.08, 低楼层
总价低，格局好，采光好，交通便利，价格合理。,119.9,30705,紫气钟山 ,1室1厅 ,39.05, 6层 
精装修两房 满两年 无增值税 业主诚心卖,192,21275,江畔明珠广场 ,2室2厅 ,90.25, 低楼层
江北新区小三房 低总价  诚售,230,25843,世茂荣里一期 ,3室2厅 ,89, 中楼层
雨花新村五村  交通便利 采光充足 配套成熟,148,24191,雨花新村五村 ,2室1厅 ,61.18, 高楼层
满五唯一 居家装修 带阁楼 双卧朝南 坐地铁方便,165,22238,春江新城正和坊 ,2室1厅 ,74.2, 高楼层
竹山路地铁口精装复式两房 南北通透 采光好,268,24581,天元瑞沨名苑 ,2室2厅 ,109.03, 中楼层
应天大街 婚装未入住 小高层 采光好 户型方正,455,49940,横塘西苑 ,2室2厅 ,91.11, 中楼层
南湖 润花园 时尚挑高 满五唯一 业主急卖 价格可谈,185,41780,润花园 ,1室1厅 ,44.28, 低楼层
天华绿谷 满两年，楼层好，采光充足，视野开阔,170,18889,天华绿谷庄园 ,2室2厅 ,90, 低楼层
进香河总价低朝南单室套采光充足交通便利生活配套好,245,65386,进香河 ,1室1厅 ,37.47, 高楼层
三条巷好房出售中间楼层采光无遮挡,248,42285,三条巷(秦淮) ,2室1厅 ,58.65, 低楼层
烟厂福利房 环境好不临街 双卧朝南  装修好 拎包入住,268,34505,澄园 ,2室2厅 ,77.67, 中楼层
2002年小区中低楼层，不临街采光好，大两房，交通便利,345,38462,紫苑 ,2室2厅 ,89.7, 低楼层
兴贤佳园 好楼层  好户型 业主诚心售,93,21811,兴贤佳园修贤苑 ,1室1厅 ,42.64, 高楼层
房子满五年    采光无遮挡    拎包入住,110,27168,凤虹苑 ,2室1厅 ,40.49, 高楼层
电梯大两房 婚装修房 双层玻璃  新空未住地暖,355,38952,香缇丽舍 ,2室2厅 ,91.14, 高楼层
南方人喜欢的双南户型 次顶楼 可以看见操场,183,30460,莫愁花园海棠里 ,2室1厅 ,60.08, 高楼层
房子位置好，业主诚心出售，此房南北通透,275,28088,阳光聚宝山庄 ,2室2厅 ,97.91, 中楼层
将军大道S1 生活便利 小区安静 刚需总价 诚心可谈,169,26531,石马新寓 ,2室2厅 ,63.7, 低楼层
中间楼层 南北朝向 全明户型 视野好 刚需 适合过渡,136,32513,文思新村 ,1室1厅 ,41.83, 中楼层
汇景家园景明苑 2室1厅 160万,160,28056,汇景家园景明苑 ,2室1厅 ,57.03, 中楼层
景明佳园s3号线 商品房性质 满五唯一带车位,170,23320,景明佳园咏景苑 ,2室1厅 ,72.9, 低楼层
地铁口精装两房，楼层采光佳，视野开阔，配套齐全,186,25518,金轮星光名座 ,2室1厅 ,72.89, 中楼层
此房满五年，免征增值税。中间楼层，采光充足。,163,31292,光华东街18号小区 ,2室1厅 ,52.09, 中楼层
中间楼层，电梯房，满五边户客厅带窗户,188,23768,紫薇花园 ,2室2厅 ,79.1, 中楼层
树人 新河二村 自住装修 随时看房,360,72464,新河二村 ,2室0厅 ,49.68, 中楼层
象山和园 3室2厅 160万,160,20256,象山和园 ,3室2厅 ,78.99, 中楼层
东山主城区 小户型 低总价 诚心卖,161,21890,日光广场 ,2室1厅 ,73.55, 中楼层
新街口商圈 中间楼层 70年产权公寓,165,30963,王府国际花园 ,1室1厅 ,53.29, 中楼层
银谷大厦 满两年，中间楼层，朝向好。,146,18888,黄金海岸 ,2室1厅 ,77.3, 低楼层
拎包住 楼层佳 采光好 满五年省税正规挑高 上下两层,230,41554,润花园 ,1室1厅 ,55.35, 中楼层
兴贤佳园 中间楼层 双南东边户 满五唯一 居家精装修,152,20513,兴贤佳园 ,2室1厅 ,74.1, 中楼层
凤虹苑 2室1厅 160万,160,22858,凤虹苑 ,2室1厅 ,70, 高楼层
武夷绿洲三期品茗苑南北通透两房 装修棒棒的 楼层好,246,32099,武夷绿洲品茗苑 ,2室2厅 ,76.64, 中楼层
峨嵋岭自住精装修，无贷款抵押，房主诚意出售,565,89954,峨嵋岭19号 ,2室1厅 ,62.81, 中楼层
骋望怡峰花园 2室2厅 72万,72,8473,骋望怡峰花园 ,2室2厅 ,84.98, 高楼层
此房有不动产证 单价低 双南户型 满二,99,15658,东虹花苑南 ,2室1厅 ,63.23, 高楼层
亚东滨江和园 2室2厅 160万,160,18106,亚东滨江和园 ,2室2厅 ,88.37, 中楼层
非顶楼 总价低精装修两房 家具家电不带走 诚心出售,149,27778,戴家巷 ,2室1厅 ,53.64, 高楼层
三山街 居家精装 小三房 户型方正 小区环境好,199,32066,来凤街 ,3室1厅 ,62.06, 中楼层
满五不唯一，交通方便，房龄比较新。,286,38707,蓝筹谷 ,2室1厅 ,73.89, 低楼层
满两年，满五唯一，中间楼层，采光通风好，户型方正,167,20782,东郊小镇第五街区 ,2室1厅 ,80.36, 中楼层
无收益金 业主诚心卖房 满五年唯一 精装修 拎包入住,139,25741,银龙花园一期南区 ,2室1厅 ,54, 中楼层
满五唯一 免个税增值税 次顶楼 南北通透 采光好,297,37961,中电颐和家园一期 ,2室2厅 ,78.24, 高楼层
亲水湾花园 2室1厅 260万,260,36298,亲水湾花园 ,2室1厅 ,71.63, 高楼层
满五唯一 双龙大道地铁 业主诚售,115,22809,南方花园瑞阳居 ,2室1厅 ,50.42, 高楼层
满两年 精装修可拎包入住 采光好,141,23454,书香名门 ,2室1厅 ,60.12, 中楼层
柳州东路 威尼斯四街区刚需两房,194,21180,威尼斯水城第四街区 ,2室2厅 ,91.6, 中楼层
此房满五年 居家装修 有小区 有物业 管理好 交通便利,553,99407,峨嵋岭19号 ,2室1厅 ,55.63, 低楼层
满两年 一楼带院子 采光无遮挡 南北通透 户型方正,148,29863,天元吉第城 ,1室1厅 ,49.56, 低楼层
两房朝南，采光足，户型方正，带储藏室，诚心出售,148,22160,天景山公寓春秀苑 ,2室1厅 ,66.79, 高楼层
永欣新寓桂花苑 2室2厅 112万,112,11459,永欣新寓桂花苑 ,2室2厅 ,97.74, 低楼层
3号线小市站 总价低小两房 无遮挡 采光充足,120,25232,小市新村 ,2室1厅 ,47.56, 低楼层
新街口 洪武路 独立院子 双南采光好 采光无遮挡 诚,320,55798,洪武路 ,2室1厅 ,57.35, 中楼层
南苑新村 真园 中间楼层 双南双北 满五年 有车位,212,32762,真园 ,2室2厅 ,64.71, 中楼层
满两年，精装修拎包入住，楼层好，南北通透,160,20780,银亿东城第十一街区 ,2室2厅 ,77, 高楼层
江佑铂庭 2室2厅 218.8万,218.8,26365,江佑铂庭 ,2室2厅 ,82.99, 高楼层
低楼层，双南全明户型，房龄新，小区环境好,245,36931,童卫路7号 ,2室1厅 ,66.34, 低楼层
游府西街商圈、新街口大行宫地铁，光线好精装修,398,99327,游府新村 ,1室1厅 ,40.07, 高楼层
三味公寓 1室1厅 162万,162,33807,三味公寓 ,1室1厅 ,47.92, 中楼层
中间楼层 满五年唯一 精装修双南,275,37038,热河南路五段小区 ,3室1厅 ,74.25, 中楼层
河西奥体中部 滨江奥城听雨苑户型方正南北通透,468,35396,滨江奥城听雨苑 ,3室2厅 ,132.22, 高楼层
麒麟门 麒麟山庄大四房 居住舒适 贷款方式均可,275,20611,麒麟山庄 ,4室2厅 ,133.43, 中楼层
安德门商圈电梯洋房 业主诚心出售,352,45291,德盈菁华园 ,3室2厅 ,77.72, 中楼层
精装三房 双南 一楼有20多平院子 诚心卖,283,40268,三十四标 ,3室1厅 ,70.28, 低楼层
无个税   小区中间位置不临街   有钥匙看房方便,280,71740,银城花园北片 ,2室1厅 ,39.03, 高楼层
能仁里 安德门 中华门 中间楼层 采光充足,262,25334,玻纤院 ,4室1厅 ,103.42, 低楼层
天然氧吧  中山陵景区边 精装修,118,32171,后宰门街32号 ,2室1厅 ,36.68, 高楼层
翠岭银河 楼层高 采光好 业主急售 配套成熟,162,21629,翠岭银河 ,2室1厅 ,74.9, 中楼层
五矿物业南湖苑精装两房，看房有钥匙业主急售中间楼层,238,26742,东方龙湖湾南湖苑 ,2室1厅 ,89, 中楼层
南北通透的四房，两南两北，看房方便,230,20995,绿地新里悦峰公馆 ,3室2厅 ,109.55, 低楼层
视野开阔，采光充足，有电梯，房龄新，交通便利,160,20157,盛和家园南区 ,2室1厅 ,79.38, 中楼层
满两年  婚房装修  楼龄新  视野开阔  采光充足,155,20949,银亿东城第十二街区 ,2室1厅 ,73.99, 高楼层
秦淮河旁  双南户型  小区环境好  急售,245,39044,雍园 ,2室1厅 ,62.75, 高楼层
天润城第五街区 两房A户型 低总价诚心出售随时看房,159,18308,天润城第五街区 ,2室2厅 ,86.85, 高楼层
营苑东村 看房有钥匙 诚心卖 小区环境优美,146,21805,营苑东村 ,2室1厅 ,66.96, 高楼层
白露花园莺歌苑 两房双南精装房 地铁口 中间位置,247,38813,白鹭花园莺歌苑 ,2室1厅 ,63.64, 中楼层
华庭北园 3室2厅 168万,168,17685,华庭北园 ,3室2厅 ,95, 高楼层
优质小三房，精装修，交通便利，生活方便,154,22648,十字街126号 ,3室1厅 ,68, 高楼层
新城市广场，复式楼房，交通方便,285,49223,新城市广场 ,3室1厅 ,57.9, 高楼层
期经济发展的经过路线，高淳和溧水的交通要道。,60,5406,颐园世家 ,3室2厅 ,111, 中楼层
满五年唯一有钥匙看房方便业主诚意出售毛坯房,105,7609,恒大金碧天下湖光苑 ,4室2厅 ,138, 低楼层
2000房龄，南大，珠江路，精装西边户，南北通透,198,35929,汉口路 ,2室1厅 ,55.11, 高楼层
精装修 楼层佳 空气对流好 可拎包入住,100,11112,骋望怡峰花园 ,3室1厅 ,90, 中楼层
五老村 大行宫 居家两室  满两年,169,31297,东白菜园 ,3室0厅 ,54, 高楼层
龙眠大道地铁口 天景山佳福苑 婚装三房 超大储藏室,178,19290,天景山公寓佳福苑 ,3室2厅 ,92.28, 高楼层
仙鹤茗苑两房  精装修  四期   南北通透,170,25923,仙鹤茗苑 ,2室2厅 ,65.58, 中楼层
莱蒙水榭阳光 满两年中间楼层 设施配套齐全 交通便利,325,27543,莱蒙水榭阳光 ,3室2厅 ,118, 低楼层
板桥新城 苏宁 国关旁 满2年 配套齐全,185,21537,明发浦泰梦幻家 ,3室1厅 ,85.9, 中楼层
三山街夫子庙商圈 全明通透三房 配套完善 交通便利,198,31241,玉带园 ,3室1厅 ,63.38, 中楼层
天地新城 南北通透 大三房 高楼层 采光不挡 出行方便,265,20867,天地新城天一座 ,3室2厅 ,127, 高楼层
财贸新村 3室2厅 77万,77,10695,财贸新村 ,3室2厅 ,72, 中楼层
此房户型方正，中间楼层，精装三房，业主诚售,193,21865,银亿东城第九街区 ,3室2厅 ,88.27, 中楼层
此房电梯花园洋房东边户南北通透采光充足居家精装诚售,263,26040,紫金北郡 ,3室2厅 ,101, 中楼层
中间楼层 视野无遮挡  采光充足,258,28989,电建洺悦府 ,3室2厅 ,89, 中楼层
老菜市人和街 水佐岗赤壁路赤小50中不占全明采光好,288,38835,老菜市 ,3室1厅 ,74.16, 高楼层
恒大金碧天下天鸿苑好房低价出售,105,7736,恒大金碧天下天鸿苑 ,3室2厅 ,135.73, 低楼层
电梯房 13年小区 环境好 高楼层 视野好 采光好 有钥匙,370,36890,金阜雅苑 ,3室2厅 ,100.3, 高楼层
湖西村小区，精装修小两房，诚心出售。,138,26693,湖西村小区 ,2室1厅 ,51.7, 高楼层
采光充足 交通便利 毛坯任意装修,178,19778,盛和家园南区 ,3室2厅 ,90, 中楼层
恒大金碧天下湖光苑 2室1厅 90万,90,9891,恒大金碧天下湖光苑 ,2室1厅 ,91, 中楼层
一楼有院子 双南双北全明 采光不遮挡,239,36361,佳盛花园 ,2室1厅 ,65.73, 低楼层
2005年商品房 电梯三房  简单装修 采光充足,405,34735,香缇丽舍 ,3室2厅 ,116.6, 中楼层
开发商统一交付，厨房卫生间设施也一应俱全；物业负责,270,30317,旭辉九著 ,3室1厅 ,89.06, 高楼层
房子满五年楼下就是苏果，太阳城，生活交通方便。,287,30532,21世纪国际公寓 ,3室2厅 ,94, 低楼层
玄武区   南北小两房    采光充足,152,22789,月苑三村 ,2室1厅 ,66.7, 高楼层
江苏警官学院  看房随时 楼层好 交通便利 采光充足,273,29964,江苏警官学院家属区 ,3室2厅 ,91.11, 中楼层
三山街地铁口，中间楼层，精装小三房。,195,30632,仙鹤里小区 ,3室1厅 ,63.66, 中楼层
明发新房源单价不到两万，采光好,245,19586,明发滨江新城三期 ,3室2厅 ,125.09, 低楼层
精装修，含家电与电器，拎包入住，经典小三房,195,21911,招商兰溪谷一期 ,3室2厅 ,89, 高楼层
张府园地铁口 98年电梯房 采光不挡 楼层好,208,34696,建邺路住宅小区 ,2室1厅 ,59.95, 中楼层
一楼带院子，采光不挡，精装修。,575,97162,石钟路 ,3室1厅 ,59.18, 低楼层
拓园低单价精装两房 双南全明 满五唯一 云锦地铁口,169,29315,拓园 ,2室1厅 ,57.65, 高楼层
太平花苑标准三房，户型规整，适中楼层，采光无遮挡,215,22632,太平花苑南区 ,3室2厅 ,95, 低楼层
满五年少个税 业主诚心出售  双地铁 装修好 楼层好,333,27704,湖滨公寓 ,3室2厅 ,120.2, 中楼层
楼层好  户型好 满五年  精装修  配套成熟,217,30002,华盛园 ,3室1厅 ,72.33, 中楼层
启迪方洲泽园 3室2厅 255万,255,26843,启迪方洲泽园 ,3室2厅 ,95, 中楼层
时光里一期 优质四房 中间楼层 采光好,225,24457,弘阳时光里一区 ,4室2厅 ,92, 中楼层
迈皋桥 小两室 刚需 看房方便 随时可看,126,23932,省电力公司宿舍 ,2室1厅 ,52.65, 高楼层
清江花苑碧波园 架空一楼  不临街 精装大三房,550,46540,清江花苑碧波园 ,3室2厅 ,118.18, 低楼层
新空毛坯小3房 满2年 楼层佳 视野开阔,228,24326,中海万锦熙岸一期 ,3室2厅 ,93.73, 高楼层
南大和园旁新小区位置好品质高诚售万达茂旁,264,27790,中南山锦花城 ,3室2厅 ,95, 中楼层
楼层3楼  业主诚心出售  隧道口 西边户 明厅,157,18376,浦欣家园 ,3室1厅 ,85.44, 中楼层
保利西江月 3室2厅 288万,288,26916,保利西江月 ,3室2厅 ,107, 低楼层
此房精装修 位于中间楼层 采光好 业主诚售,208,23371,银亿东城第九街区 ,3室2厅 ,89, 中楼层
融侨观邸二期 3室1厅 250万,250,23557,融侨观邸二期 ,3室1厅 ,106.13, 低楼层
满五唯一   交通生活 很方便  拎包入住,145,29406,蓝旗新村 ,2室1厅 ,49.31, 高楼层
银城东苑精装三房  满五年 中楼层 有车位 诚心卖,486,46781,银城东苑毓秀苑 ,3室2厅 ,103.89, 高楼层
凤麟水苑 2室1厅 120万,120,13334,凤麟水苑 ,2室1厅 ,90, 低楼层
楼层好采光无遮挡，房东为一手房，从未交易过。,356,29466,蓝岸尚城 ,3室2厅 ,120.82, 中楼层
满五唯一 双南户型 中间楼层 采光好,225,31726,光华园 ,3室1厅 ,70.92, 中楼层
安德门商圈  交通便利  配套成熟  户型方正,350,32468,时光澔韵 ,3室1厅 ,107.8, 高楼层
仁恒江心洲 洲岛家园 满两年 三房采光好,235,28144,洲岛家园 ,3室2厅 ,83.5, 中楼层
归云堂15巷，精装小两房，刚需自住适宜,148,27408,归云堂15巷 ,2室1厅 ,54, 中楼层
银城物业商品房小区中间楼层通透两房精装修,283,31508,兰亭雅苑 ,2室2厅 ,89.82, 低楼层
花园小区 绿化好 精装修 业主诚心卖,290,25218,弘阳旭日上城二区 ,3室2厅 ,115, 中楼层
荣城中苑 3室1厅 118万,118,13164,荣城中苑 ,3室1厅 ,89.64, 低楼层
银亿东城十一街区 婚装大三房 业主诚心卖 看房随时,242,17702,银亿东城第十一街区 ,3室1厅 ,136.71, 中楼层
精装修，拎包入住，看房方便，户型方正,426,45562,保利堂悦 ,3室1厅 ,93.5, 高楼层
满五唯一精装带暖气，采光好，大平层,430,35418,赛世香樟园 ,3室2厅 ,121.41, 中楼层
刚需三房   房主诚心出售  欢迎看房,223,19612,威尼斯水城第六街区 ,3室1厅 ,113.71, 中楼层
朗诗未来街区  房主诚意出售 看房有钥匙,165,22298,朗诗未来街区二期 ,3室2厅 ,74, 中楼层
低总价精装修三房，配套齐全，满五唯一,195,16920,泰来苑 ,3室2厅 ,115.25, 高楼层
创维乐活城 2室1厅 88万,88,9536,创维乐活城 ,2室1厅 ,92.29, 中楼层
迈皋桥红山路红山韵致居中间楼层,350,30478,红山韵致居 ,3室2厅 ,114.84, 中楼层
阳光里 3室1厅 220万,220,27333,阳光里 ,3室1厅 ,80.49, 高楼层
低总价， 飞机户，临玄武湖，刚需好房,145,26316,新庄村55号 ,2室1厅 ,55.1, 中楼层
鹭岛荣府 欢乐港 时代广场 好楼层,122,10518,荣盛鹭岛荣府 ,3室2厅 ,116, 中楼层
龙湖春江郦城 物业好 小区环境好 楼层好,545,40192,龙湖春江郦城 ,4室2厅 ,135.6, 中楼层
户型端正 中间楼层 居家装修 业主急卖,225,20834,威尼斯水城第二街区 ,3室2厅 ,108, 中楼层
满五年 房龄新 一楼架空  户型方正,458,46114,大锏银巷 ,3室2厅 ,99.32, 低楼层
新街口 张府园 建业路 好楼层  近地铁 精装修双南,198,37233,张府园 ,2室1厅 ,53.18, 中楼层
此房产权清晰无增值税精装修可拎包入住，业主诚心出,485,45536,君悦湖滨 ,5室2厅 ,106.51, 高楼层
集庆门大街文体路东升村满五税少中间楼层,154,27659,东升村 ,2室1厅 ,55.68, 中楼层
紫金山脚下 带42平的大院子 精装修采光好 位置好,290,39710,二十八所(南) ,3室1厅 ,73.03, 低楼层
大三期 全新装修  全屋定制 全屋护墙板 通透格局,285,25191,明发滨江新城三期 ,3室2厅 ,113.14, 中楼层
新空毛坯，小三房，采光无遮挡，满两年,138,19437,招商依云郡 ,3室2厅 ,71, 高楼层
小区环境优美，房主急售，有钥匙，看房方便,99,8685,恒大金碧天下天鸿苑 ,3室2厅 ,114, 低楼层
新街口 建邺路高层 张府园地铁 有钥匙 业主诚售 急,204,33955,建邺路住宅小区 ,2室1厅 ,60.08, 高楼层
"九座景观公园一座万科城,距离市民之家450米",133,14791,万科城棕榈苑 ,3室2厅 ,89.92, 中楼层
中间楼层  毛坯   总价低  刚需优选,180,20455,大新华府 ,3室2厅 ,88, 中楼层
中海万锦熙岸一期 3室2厅 240万,240,22462,中海万锦熙岸一期 ,3室2厅 ,106.85, 中楼层
此房已经满5年，多层的三房，三开间朝南，户型方正，,165,18523,天华绿谷庄园 ,3室1厅 ,89.08, 高楼层
银城品质物业 精装修 户型方正 无浪费面积,195,22165,银城蓝溪郡 ,3室2厅 ,87.98, 高楼层
恒辉翡翠花园 3室2厅 215万,215,17573,恒辉翡翠花园 ,3室2厅 ,122.35, 高楼层
电梯三房，双开间朝南，全天采光，现代风装修,349,31056,爱达花园紫藤园 ,3室2厅 ,112.38, 高楼层
河西南岱山地铁口 高楼层 中装三房满五满二 户型方正,183,21083,乐业东苑 ,3室1厅 ,86.8, 高楼层
象房村 2室1厅 185万,185,33539,象房村 ,2室1厅 ,55.16, 高楼层
南园新村 正规三房 中间楼层 满五年 看房方便 诚售,255,33221,真园 ,3室1厅 ,76.76, 中楼层
姜家园 小桃园商品房 满五年三房 小高层电梯房,435,36799,姜家园 ,3室2厅 ,118.21, 中楼层
精装修，未来地铁线旁，带露天阳台,186,33819,安乐村 ,2室2厅 ,55, 高楼层
戴家巷 归云堂   双南一北   边户全明  精装三房,198,28709,归云堂 ,3室1厅 ,68.97, 中楼层
玄武孝陵卫地铁站 ，一楼带院子，采光充足,230,33849,晏公庙52号 ,3室1厅 ,67.95, 低楼层
金地品质 小高层 纯毛坯 满二年,252,24308,金地格林格林 ,3室2厅 ,103.67, 高楼层
住宅 诚信大道站  满两年 急售 随时看房,145,24107,金轮星光名座 ,2室1厅 ,60.15, 低楼层
金地浅山艺境 3室1厅 265万,265,30207,金地浅山艺境 ,3室1厅 ,87.73, 低楼层
瀛洲湾 17年精装 南北通透 中楼层小三房 有储藏室,245,23031,瀛洲湾 ,3室2厅 ,106.38, 中楼层
左邻右里满二电梯房毛坯带阳光房,300,23495,左邻右里 ,3室2厅 ,127.69, 高楼层
百水家园 3室2厅 180万,180,19818,百水家园 ,3室2厅 ,90.83, 中楼层
岔路口南方花园 精装修双南两房 带车位诚心卖 总价低,193,26922,南方花园B组团 ,2室2厅 ,71.69, 高楼层
鼓楼医院金润发尖角营精装朝南拎包入住满五年采光,165,40812,尖角营小区 ,1室1厅 ,40.43, 高楼层
配套设施成熟，生活便利，交通便利，出行方便。,105,19050,泰山花苑 ,2室2厅 ,55.12, 高楼层
朝南单室套 视野开阔 全明户型,120,23167,天地新城天柱座 ,1室1厅 ,51.8, 中楼层
金陵王榭 地铁口 交通方便 配套齐全 08年商品房,302,38888,金陵王榭 ,2室1厅 ,77.66, 中楼层
此房楼层好，出行方便，前后无遮挡，宜居，生活方便。,250,28766,双龙嘉园石华街17号 ,3室2厅 ,86.91, 中楼层
低总价精装修 轻轨旁马群南湾营 花港三室一厅,162,18203,花港幸福城牡丹园 ,3室1厅 ,89, 中楼层
精装修新商品房，南北三阳台集成空调带地暖,460,33334,金浦御龙湾 ,4室2厅 ,138, 中楼层
南北通透 居家装修 总价低 户型好,238,26933,南方花园枫彩园 ,2室1厅 ,88.37, 低楼层
奥体月安花园 实用三房 满五年 户型通透楼层好,475,44113,月安花园歌月居 ,3室2厅 ,107.68, 中楼层
房龄新2000左右 厅大 采光视野无遮挡,178,28349,开源小区四村 ,2室1厅 ,62.79, 中楼层
锁金村商圈配套成熟出行便利非顶楼,160,27170,锁金村4号 ,2室1厅 ,58.89, 高楼层
满二 视野开阔 采光充足 业主诚售,97,19700,银河湾花园 ,1室1厅 ,49.24, 高楼层
阳光聚宝山庄 3室1厅 298万,298,30437,阳光聚宝山庄 ,3室1厅 ,97.91, 高楼层
总统府 大行宫地铁口 配套齐全 双南 全明户型,203,33323,东箭道 ,3室1厅 ,60.92, 高楼层
中电颐和家园尚玄 玄武区 品质小区 环境优美 绿化高,305,34305,中电颐和家园尚玄 ,2室2厅 ,88.91, 中楼层
保利梧桐语花园 2室1厅 195万,195,28787,保利梧桐语花园 ,2室1厅 ,67.74, 低楼层
"银城物业，满二税少，前面无遮挡,（店长推荐）",182,23144,银城蓝溪郡 ,3室2厅 ,78.64, 高楼层
新河一村 小面积两居室 高楼层 采光充足 总价低户型好,375,64422,新河一村 ,2室1厅 ,58.21, 高楼层
70年产权住宅，通燃气，婚装，采光佳,102,22891,康博花园亲情公寓 ,1室1厅 ,44.56, 高楼层
百家湖复式三房 动静分离 西边户 自住保养好,380,37721,中航樾府 ,3室1厅 ,100.74, 中楼层
大地伊丽雅特湾 和燕路街道 晓庄商圈,126,24882,大地伊丽雅特湾 ,1室1厅 ,50.64, 中楼层
4.8米挑高，买一层得两层，楼栋位置好，业主诚售,90,21952,东郊小镇第八街区 ,2室1厅 ,41, 高楼层
凤凰花园城静幽园   满五年 中间楼层小区中间位置,386,53522,凤凰花园城静幽园 ,2室1厅 ,72.12, 中楼层
迎江园 2室1厅 388万,388,79968,迎江园 ,2室1厅 ,48.52, 中楼层
东郊小镇三街区 一楼带院子 经典三房,198,19026,东郊小镇第三街区 ,3室2厅 ,104.07, 低楼层
保利梧桐语刚需三房 总价低 诚心出售价格可谈,228,25022,保利梧桐语花园 ,3室1厅 ,91.12, 低楼层
房龄新13年交付 佛城西路地铁口,119,25686,天泰青城苑 ,1室1厅 ,46.33, 低楼层
商品房，精装修拎包入住，视野开阔。,173,20687,百水家园 ,2室2厅 ,83.63, 高楼层
莱蒙水榭阳光  满两年  楼层适中 采光充足 视野开阔,259,29125,莱蒙水榭阳光 ,3室1厅 ,88.93, 中楼层
富力尚悦居二期 3室1厅 270万,270,28816,富力尚悦居二期 ,3室1厅 ,93.7, 中楼层
69平米三开间全南户型，仅售147万,147,21136,绿地新里悦峰公馆 ,2室2厅 ,69.55, 高楼层
新小区 商品房 低总价 业主急售,160,18605,弘阳春上西江 ,3室1厅 ,86, 中楼层
房屋格局好 采光好 视野开阔 中间楼层 刚需小两房,146,21160,新城花漾紫郡 ,2室1厅 ,69, 低楼层
房东诚心出售 价格可谈空间不大 ...........,258,54546,慧园街 ,2室1厅 ,47.3, 高楼层
南北通透 中间楼层 房龄新 生活配套齐全 交通便利,190,29865,贡园 ,2室1厅 ,63.62, 中楼层
摄山星城 近地铁 两房朝南 新空毛坯 价格便宜,105,16154,摄山星城天佑苑 ,2室1厅 ,65, 低楼层
地铁4号线旁摄山星城2房毛坯可贷款,102,15693,摄山星城天佑苑 ,2室1厅 ,65, 高楼层
精装修房 业主诚售   拎包入住 方便看房 交通便捷,158,38565,唱经楼西街 ,2室1厅 ,40.97, 中楼层
此房满五唯一，税费一个点，简单装修，  户型方正，,148,18975,海润枫景家园 ,2室2厅 ,78, 中楼层
大明路南部新城    小区出新完成,154,29278,霞光里小区 ,2室1厅 ,52.6, 高楼层
满五年且唯一，居家装修，地铁口，带燃气，中间楼层,88,26740,南方花园B组团 ,1室1厅 ,32.91, 中楼层
话园单室套 精装修 户型方正 看房有钥匙,137,35874,话园 ,1室1厅 ,38.19, 中楼层
芳草园凤凰 莫愁湖地铁 汉中门 满两年 业主诚心卖,180,45204,劲顺花园 ,1室1厅 ,39.82, 高楼层
此房满2年 楼层佳 地铁口 配套齐全 生活气息浓厚,258,27742,江佑铂庭 ,2室2厅 ,93, 高楼层
2000年房龄 中间楼层双南双北大两房 带车位地下室,225,32111,农机大院小区 ,2室1厅 ,70.07, 中楼层
九乡雅苑 3室2厅 180万,180,18731,九乡雅苑 ,3室2厅 ,96.1, 高楼层
此房已满两年无增值税；坡梯爬楼不累，采光没有遮挡；,118,28915,台园 ,1室1厅 ,40.81, 中楼层
琥珀巷小区 1室1厅 134万,134,35015,琥珀巷小区 ,1室1厅 ,38.27, 中楼层
地铁口 万科翡翠 精装2房 带地暖 中间楼层 价格可谈万,300,40027,万科翡翠公园 ,2室2厅 ,74.95, 中楼层
玄武区双朝南格局，小高层中间偏上楼层，总价低单价低,137,20736,兴贤佳园尚贤苑 ,2室1厅 ,66.07, 高楼层
景观房，可看紫金山，玄武湖，朝南,203,28195,锁金一村 ,1室1厅 ,72, 高楼层
河西金鹰旁  低总价采光好  温馨两房 看房便 安民村,146,28769,安民村 ,2室1厅 ,50.75, 高楼层
满五年  两房房朝南户型 南北通透 楼层佳 视野好,185,24206,供电苑 ,2室2厅 ,76.43, 中楼层
满5年，看房随时有钥匙，业主换房诚心出售,165,20887,天润城第八街区 ,2室1厅 ,79, 高楼层
南京南站 绿地玉晖 精装修 业主急售,645,44288,绿地玉晖 ,3室2厅 ,145.64, 高楼层
河西奥南 正荣润峯 品质小区 新空三房 采光视野好,480,49840,正荣润峯 ,3室2厅 ,96.31, 中楼层
房子在出租  看房要提前联系  租客在,119,20044,西善花苑祥和园 ,1室1厅 ,59.37, 高楼层
全明户型，房型通透，无遮挡，交通方便,135,27384,白云新寓 ,2室1厅 ,49.3, 高楼层
安嘉东苑大两房 高楼层 采光无遮 随时看房,160,20780,安嘉东苑 ,2室1厅 ,77, 高楼层
2号线仙鹤门 交通便利 南北通透 诚心出售 户型方正,168,25618,仙鹤茗苑 ,2室2厅 ,65.58, 高楼层
江北新区 低总价 刚需两房 三开间朝南 钥匙在店随时看,147,21305,绿地新里悦峰公馆 ,2室2厅 ,69, 低楼层
马群东 精装修 挑高复式上下两层实际使用面积大,95,25033,东郊小镇第四街区 ,2室1厅 ,37.95, 中楼层
晓庄47号小区 一楼带大院子 房改房  采光好无遮挡,228,29804,晓庄47号小区 ,3室1厅 ,76.5, 低楼层
东大影壁 2室1厅 188万,188,46732,东大影壁 ,2室1厅 ,40.23, 低楼层
满二年 中高楼层 开发商精装交付  采光无遮挡,186,28603,洲岛家园 ,2室1厅 ,65.03, 高楼层
汇景和园，电梯小两房 中高楼层 业主诚售,120,19763,汇景和园 ,2室2厅 ,60.72, 高楼层
好房推荐  盛江花苑 中间楼层 房主急售 刚需2房,96,14770,盛江花苑玉兰园 ,2室2厅 ,65, 中楼层
一楼带院子，业主诚心出售此房！！,170,32668,长虹路443号 ,2室2厅 ,52.04, 低楼层
锁金村 南师校园环境 装修好 带大院子,235,38626,板仓街78号 ,2室1厅 ,60.84, 低楼层
精装修两房 ，户型南北通透，中间楼层，交通方便,226,33236,雁鸣山庄 ,2室2厅 ,68, 中楼层
此房楼栋位置好，视野棒楼层也好，在小区优质房源。,126,19008,怡景园 ,2室2厅 ,66.29, 中楼层
中间楼层    精装修    看房随时  房子干净清爽,200,40833,吉兆花园 ,2室1厅 ,48.98, 中楼层
小市地铁口 东井一村 精装两房 满三唯一 业主急售,164,24596,东井一村 ,2室1厅 ,66.68, 高楼层
弘阳旭日爱上城双南户型 全新精装拎包入住诚心急售,166,23941,旭日爱上城一区 ,2室1厅 ,69.34, 低楼层
云锦美地 多层两房 户型方正 南北通透精装修,387,41560,云锦美地合锦苑 ,2室2厅 ,93.12, 中楼层
润花园 4.8米挑高 户型方正 居家装修 楼层高视野好,186,41874,润花园 ,2室1厅 ,44.42, 高楼层
莫愁路 朝天宫景点 新街口商圈 小区已出新 有门禁,108,27800,莫愁路 ,2室0厅 ,38.85, 高楼层
定淮门3号  双南两房 总价低 小区闹中取静,215,32365,定淮门3号 ,2室1厅 ,66.43, 中楼层
满两年 房改房 双南 装修好 采光足,198,22851,合班家园 ,2室1厅 ,86.65, 中楼层
空港公寓，采光充足，全明户型，交通便利，配套齐全,95,13971,空港公寓 ,2室1厅 ,68, 高楼层
满两年 居家精装 明厨明卫 带车位地下室 有暖气,558,73123,邮政世纪花园 ,3室1厅 ,76.31, 低楼层
新街口商圈 张府园洪武路 南北通透 满五年唯一,263,50950,洪武路 ,2室1厅 ,51.62, 高楼层
钟英 慧园街  南北朝向 诚心急售,258,55496,王府园小区 ,2室1厅 ,46.49, 中楼层
总价低 单式套 看房方便 租客客观,72,24923,盈嘉青春渡 ,1室0厅 ,28.89, 高楼层
橡树城 卧龙湖地铁口婚装三房拎包入住 家电家具不带走,135,12858,橡树城 ,3室2厅 ,105, 低楼层
精装修 三开间朝南 品质小区 户型方正 采光好,310,34832,龙湖春江郦城 ,3室1厅 ,89, 低楼层
满两年没有收益金，有露台难比通透户型方正,199,18651,银龙花园三期 ,3室2厅 ,106.7, 高楼层
中间楼层，户型方正，得房率高，房主急售,190,21349,燕舞园2园 ,3室1厅 ,89, 低楼层
装修极好，复式，得房率高，楼层好，禹州自有物业,450,50562,禹洲吉庆里 ,3室2厅 ,89, 高楼层
龙池地铁站 冠城大通 精装四房底跃 总价低,160,11896,冠城大通二期松苑 ,4室2厅 ,134.51, 低楼层
岱山新城 老小区 得房率高 采光好,169,18964,西善花苑祥和园 ,3室1厅 ,89.12, 高楼层
恒大金碧天下湖光苑 4室2厅 116.5万,116.5,7819,恒大金碧天下湖光苑 ,4室2厅 ,149, 高楼层
摄山星城位置佳精装修保养好换房急售,136,16000,摄山星城闻兰苑 ,3室2厅 ,85, 高楼层
摄山星城 精装修 空中别墅 位置安静 急售,140,12728,摄山星城尤山苑 ,3室2厅 ,110, 高楼层
招商精装小三房 满两年 小区环境好 人车分流 三房朝南,190,25000,招商兰溪谷一期 ,3室2厅 ,76, 中楼层
正规两房 空气清新 交通便利 中间楼层 紫金山,225,34750,苜军路16号 ,2室1厅 ,64.75, 中楼层
满五唯一    一楼带院子    南北通透      交通便利,232,27942,小行路35号 ,2室1厅 ,83.03, 低楼层
精装修保养好 边户 采光好  含墙暖 看房方便,241,26342,诚品城 ,3室2厅 ,91.49, 高楼层
北站 江北新区杨庄新村西苑 精装修 高楼层 满五年,96,15562,杨庄新村西苑 ,2室1厅 ,61.69, 高楼层
许府巷黑龙江路紫竹林28号 中楼层三房 精装 采光佳,325,35605,紫竹林28号 ,3室1厅 ,91.28, 中楼层
龙江 树人 精装大三房 双南一北全明户型 电梯花园洋房,850,61882,上河苑 ,3室2厅 ,137.36, 高楼层
蒋湾花园 2室1厅 80万,80,12904,蒋湾花园 ,2室1厅 ,62, 中楼层
户型好，双南一北，采光视野不遮挡，业主诚心出售,420,43888,汉口西路 ,3室2厅 ,95.7, 高楼层
30多万精装修小三房，采光好，户型好，业主诚心出售！,170,16372,淳湖佳苑 ,3室2厅 ,103.84, 低楼层
石门坎 3室1厅 180万,180,22884,石门坎 ,3室1厅 ,78.66, 高楼层
明发一期 地铁 旁 中间楼层大三房 硬装 视野好,255,20287,明发滨江新城一期 ,3室2厅 ,125.7, 中楼层
精装小两房，满二诚售，南北通透，南边无遮拦。,305,36445,新城香悦澜山 ,2室2厅 ,83.69, 低楼层
新街口张府园常府街夫子庙好楼层地铁,420,83087,游府新村 ,2室1厅 ,50.55, 中楼层
菊花三村精装房，业主诚心出售。同事多多推荐,208,27879,菊花新村三村 ,2室2厅 ,74.61, 中楼层
摄山星城 精装三房 靠 近万达茂 拎包入住,145,17059,摄山星城闻兰苑 ,3室2厅 ,85, 中楼层
万达西地一期 3室2厅 498万,498,42204,万达西地一期 ,3室2厅 ,118, 高楼层
荣城东苑 3室2厅 130万,130,14459,荣城东苑 ,3室2厅 ,89.91, 低楼层
满五年三房+书房，一楼带30平方的院子,159,18597,春江阁 ,3室2厅 ,85.5, 低楼层
文墨花苑 3室2厅 145万,145,16561,文墨花苑 ,3室2厅 ,87.56, 中楼层
此房满两年 环境优美 楼层好  价格可谈 业主诚售,369,28147,金地明悦 ,4室2厅 ,131.1, 高楼层
南大和园 精装自住 户型好 带电梯 卧室大,535,45339,南大和园 ,3室2厅 ,118, 低楼层
朗诗未来家 2室1厅 146万,146,18718,朗诗未来家 ,2室1厅 ,78, 低楼层
凯悦天琴花园 3室2厅 房龄新 三间朝南,598,38819,凯悦天琴花园 ,3室2厅 ,154.05, 高楼层
此房满两年，格局好，楼层好，视野宽阔采光充足,175,24652,春江新城新河苑一期 ,3室1厅 ,70.99, 中楼层
低楼层 双南小两房 采光好 带储藏室  满五唯一,222,29211,天印花园 ,2室1厅 ,76, 低楼层
中电一期 小三房 飞机户 客厅朝南带阳台 自住拎包入住,362,37898,中电颐和家园一期 ,3室2厅 ,95.52, 中楼层
满五年 双南一北全明 户型方正 东边户全明,265,33643,古平岗一号 ,3室1厅 ,78.77, 低楼层
南湖 茶南 利民村  满五年 全明,139,28339,利民村 ,2室1厅 ,49.05, 高楼层
莫愁新寓迎春里 2室1厅 235万,235,40062,莫愁新寓迎春里 ,2室1厅 ,58.66, 低楼层
汉中门 莫愁湖地铁 低楼层 精装修 有物业 满两年,295,38114,金贸新寓 ,3室1厅 ,77.4, 低楼层
东城金茂悦 3室2厅 243万,243,27335,东城金茂悦 ,3室2厅 ,88.9, 高楼层
迈皋桥地铁站 和燕花苑 商品房 小户型 业主诚心卖,170,28961,和燕花苑 ,2室1厅 ,58.7, 中楼层
正三房 楼层好 位置好 采光好 环境好,143,16824,摄山星城观梅苑 ,3室1厅 ,85, 中楼层
百丽明珠花园 3室2厅 146万,146,16259,百丽明珠花园 ,3室2厅 ,89.8, 高楼层
百家湖  精装修婚装大三房 拎包入住 看房方便,299,23776,百家湖国际花园 ,3室2厅 ,125.76, 低楼层
业主诚心出售此房，寻有缘人购此房。,322,27522,雍福龙庭 ,3室2厅 ,117, 高楼层
楼层适中 采光充足 停车方便 业主诚心出售,275,31375,莱蒙水榭阳光 ,3室1厅 ,87.65, 中楼层
同曦国际广场 婚装   地铁口 南北通透 三房双阳台,410,26064,同曦国际广场 ,3室1厅 ,157.31, 低楼层
新街口 张府园地铁 建邺路  电梯房,168,26499,建邺路住宅小区 ,3室1厅 ,63.4, 低楼层
双南户型，客厅带窗户，阳光无遮挡，带车位,219,36807,莫愁新寓迎春里 ,2室1厅 ,59.5, 中楼层
苜中路1号 2室1厅 145万,145,28321,苜中路1号 ,2室1厅 ,51.2, 高楼层
新河一村 2室1厅 368万,368,67154,新河一村 ,2室1厅 ,54.8, 低楼层
河西奥南精装三房，交通便利，户型方正,495,45000,海峡城云珑湾 ,3室2厅 ,110, 高楼层
美林墅 3室2厅 470万,470,34088,美林墅 ,3室2厅 ,137.88, 中楼层
此房满五唯一，总价低，得房率高,80,8889,庆丰小区安居苑 ,3室2厅 ,90, 高楼层
精装修   保养好    南北通透     采光好,256,23632,华菁水苑 ,3室2厅 ,108.33, 中楼层
视野开阔 采光充足 居家装修 交通便利,160,18824,润富花园 ,2室2厅 ,85, 高楼层
双龙大道 银城物业 刚需单改二 出行便利 低总价,147,24802,南方花园A组团 ,2室1厅 ,59.27, 中楼层
1号线双龙大道 银城物业 拎包入住 一楼带院子,207,30175,南方花园A组团 ,2室1厅 ,68.6, 低楼层
精装修 两房 1998年房龄 电梯房 配套齐全 地铁,210,30013,砂珠巷小区 ,2室1厅 ,69.97, 低楼层
此房满两年，精品单室套，楼层好采光好，业主诚心卖,147,24040,弘阳旭日上城三区 ,1室1厅 ,61.15, 中楼层
五老村  中间楼层   精装修  1997年房龄  南北双阳台,400,40634,五老村 ,3室2厅 ,98.44, 中楼层
大行宫西安门   五老村二条巷精装小两房  总价低,175,36098,二条巷(秦淮) ,2室1厅 ,48.48, 高楼层
三山街地铁口 皇册家园 双南两房 满五年业主急售,495,53295,皇册家园二期 ,2室2厅 ,92.88, 中楼层
南北通透 精装带地暖 银城物业 满二 无增值税,215,29019,银城一方山 ,3室2厅 ,74.09, 中楼层
满五唯一，老门东景区，小区出新，看房方便,180,35616,转龙巷 ,2室1厅 ,50.54, 中楼层
江心洲 户型好 可拎包入住 品质好 环境优美,140,29543,洲岛家园 ,1室1厅 ,47.39, 低楼层
中间楼层三房 聚宝山环境优美 户型方正,366,25692,阳光聚宝山庄 ,3室2厅 ,142.46, 中楼层
金地一期中装三房满二业主置换诚售,208,23637,金地自在城第一街区 ,3室2厅 ,88, 中楼层
明发单室套   精装   70年产权 江景房,138,29306,明发滨江新城二期 ,1室1厅 ,47.09, 低楼层
华侨城大两房 满2年 好楼层  诚售,176,19524,华侨城 ,2室1厅 ,90.15, 中楼层
凤来南园 两房 两房朝南 采光足,138,20774,凤来南园 ,2室1厅 ,66.43, 低楼层
奥体中部 满5年 多层 一梯两户 万科物业 南北通透,358,63051,金马郦城西区 ,1室2厅 ,56.78, 中楼层
总价低、单价低、新空毛坯、楼层好。,130,19697,凤梧园 ,2室1厅 ,66, 低楼层
经典2居室 双卧朝南 楼层好 采光好 诚心出售,225,29221,东渡国际青年城 ,2室1厅 ,77, 高楼层
迎江园 单室套 总价低 有钥匙 随时可看,319,77054,迎江园 ,1室1厅 ,41.4, 高楼层
奥体精装三房 户型方正 采光好,440,48906,招商雍和府 ,3室1厅 ,89.97, 高楼层
河西万达  金鹰欧尚  茶南商圈,135,34178,兆园 ,1室1厅 ,39.5, 中楼层
此房满两年.朝南视野采光无遮挡，新街口商圈,235,69941,洪武路 ,1室1厅 ,33.6, 中楼层
中间楼层 双南明厨明卫 看房方便满五唯一 环境好,168,26608,雨花新村一村 ,2室1厅 ,63.14, 中楼层
建康路 满五唯一  低楼层总价低,132,33674,建康路 ,1室1厅 ,39.2, 中楼层
钟山山庄 4号线蒋王庙地铁站 皮肤研究所,230,26401,钟山山庄 ,4室1厅 ,87.12, 中楼层
河西奥体 精装三房 自住保养好,375,44243,钟鼎雅居 ,3室2厅 ,84.76, 高楼层
满二，居家装修优质房源价格适中,144,28686,乔虹苑 ,2室1厅 ,50.2, 中楼层
河西奥体 莲花嘉园 配套齐全 楼层好采光佳,180,24401,莲花嘉园 ,2室2厅 ,73.77, 低楼层
3号线地铁口，精装修单室套，满两年，中高楼,125,24616,白云雅居 ,1室1厅 ,50.78, 高楼层
迈皋桥地铁 繁华商圈单室套 70年住宅 配套齐全,114,23731,百通公寓 ,1室1厅 ,48.04, 中楼层
5号线地铁口 精装修 正南 急售 二次精装修,121,26231,阅江广场 ,1室1厅 ,46.13, 中楼层
主城区配套齐全、交通便利 视野好 采光不挡,150,36541,木马公寓 ,1室1厅 ,41.05, 高楼层
河西南 精装修低总价两房 满二年,355,44425,海峡城云珑湾 ,2室2厅 ,79.91, 高楼层
"小户型总价低，楼层好，可拎包入住,业主诚心出售！",90,22557,地和苑 ,1室1厅 ,39.9, 低楼层
东渡国际单室套，满两年，楼层好，保养好,115,30939,东渡国际青年城 ,1室0厅 ,37.17, 中楼层
王府园小区 1室1厅 217万,217,57106,王府园小区 ,1室1厅 ,38, 高楼层
所街 文体路 南苑开源 南北通透明厨明卫,162,27000,开园 ,2室1厅 ,60, 高楼层
纬三隧道口 精装三房 小区环境优美 适宜居住,198,18858,乐府江南家园 ,3室2厅 ,105, 高楼层
银城物业 环境好 电梯房 人车分流 交通便利 诚心卖,198,29251,鸿意星城 ,2室1厅 ,67.69, 中楼层
和燕路 精装修两房 生活配套齐 交通出行便利,430,40567,葛洲坝招商紫郡蘭园 ,2室2厅 ,106, 低楼层
龙湖春江紫宸 3室2厅 520万,520,40311,龙湖春江紫宸 ,3室2厅 ,129, 中楼层
大行宫地铁 全明三开间朝南 楼层高 视野好 户型方正,378,39807,科巷新寓 ,3室1厅 ,94.96, 中楼层
安德门商圈 南北通透  采光充足 配套齐全,420,35709,名城世家花园 ,3室2厅 ,117.62, 中楼层
楼层适中 南北户型 采光充足 视野开阔,210,20664,翠岭银河 ,3室2厅 ,101.63, 高楼层
新街口 精装修大三房采光充足房龄新,375,38064,三元巷 ,3室2厅 ,98.52, 中楼层
60万精装大三房，满五唯一无个税，另有产权车位可售,640,45912,五矿御江金城 ,3室2厅 ,139.4, 中楼层
楼层好 采光好 不临街 户型方正,645,72269,邮政世纪花园 ,3室2厅 ,89.25, 中楼层
九龙湖精装大三房，只住三个月，保养新，边户敞亮,350,29248,骏景华庭 ,3室2厅 ,119.67, 低楼层
宁南 精装修 南北通透 客厅带阳台 满五唯一 诚售,505,45976,翠岛花城竹韵苑 ,3室2厅 ,109.84, 低楼层
奥体 油坊桥 4.8米挑高 毛坯房龄新 高楼层 配套成熟,120,33362,首创立方 ,2室1厅 ,35.97, 中楼层
龙江商圈  南大房改房   视野开阔   交通便利,355,30824,阳光广场 ,3室1厅 ,115.17, 高楼层
刚需小户型，看房方便，总价低，生活方便。,115,19364,西善花苑祥和园 ,1室1厅 ,59.39, 中楼层
视野好 采光好 拎包入住 交通方便 配套设施齐全,120,17138,景明佳园拾景苑 ,4室1厅 ,70.02, 高楼层
一楼带院子杨庄西村  无增值税 交通方便 配套齐全,102,17798,杨庄西村 ,2室1厅 ,57.31, 低楼层
河西 应天西路 虹苑新寓 双南户型 64.08平 户型贼棒,189,29495,虹苑新寓三村 ,2室1厅 ,64.08, 高楼层
白云雅居 单室套 精装修 地铁口,111,21562,白云雅居 ,1室1厅 ,51.48, 中楼层
正规大两房，全明户型，纯毛坯，总价低，诚售。,46,5169,颐园世家 ,2室2厅 ,89, 低楼层
中上楼层 采光充足 纯毛坯可任性装修,102,21027,熙景和苑 ,1室1厅 ,48.51, 中楼层
岱山新城 业主诚心出售优质好房,124,21755,长盛西苑 ,2室1厅 ,57, 高楼层
华庭北园 2室1厅 106万,106,16061,华庭北园 ,2室1厅 ,66, 高楼层
鼓楼 单室套  低总价 高楼层 采光好,103,24910,宏业村小区 ,1室1厅 ,41.35, 高楼层
水城精装2房，环境优美，交通便利,170,20131,威尼斯水城第十街区 ,2室2厅 ,84.45, 高楼层
总价低 楼层好 户型端正 诚心卖房,138,18158,幸福美地花园 ,2室2厅 ,76, 低楼层
滨江嘉园 2室2厅 160万,160,19394,滨江嘉园 ,2室2厅 ,82.5, 中楼层
威尼斯七街区 东边户 南北通透 婚装房,185,20768,威尼斯水城第七街区 ,2室2厅 ,89.08, 低楼层
银龙鑫苑 2室1厅 158万,158,23103,银龙鑫苑 ,2室1厅 ,68.39, 高楼层
方正两房  总价低  交通方便   采光好,193,26847,双龙嘉园石华街17号 ,2室2厅 ,71.89, 低楼层
同坤大厦 2室1厅 165万,165,25385,同坤大厦 ,2室1厅 ,65, 低楼层
紫杨佳园 房龄新 毛坯两室 环境好,185,22212,紫杨佳园 ,2室2厅 ,83.29, 中楼层
温泉小镇 汤山养龙山庄 临湖小区 大院子 空气好,118,21079,汤山养龙山庄 ,2室2厅 ,55.98, 低楼层
视野开阔，采光充足，生活配套设施完善，交通便利,94,19748,盛和家园南区 ,1室1厅 ,47.6, 中楼层
近轻轨 价格美丽 采光好 房主诚心卖,85,14076,盘城新居 ,2室1厅 ,60.39, 高楼层
双南户型，采光充足，配套设施齐全 出行方便,230,24865,泰和园 ,2室2厅 ,92.5, 高楼层
丁香花园 电梯房 户型方正 采光充足 看房方便诚心出售,135,20366,丁香花园 ,2室1厅 ,66.29, 中楼层
致和新村 2室 低总价好房 诚售,153,34460,致和新村 ,2室1厅 ,44.4, 高楼层
兴贤佳园两室一厅 一楼带院子 总价低,110,19643,兴贤佳园 ,2室1厅 ,56, 低楼层
石头城新村 南北两房 看中可刀,140,35000,石头城 ,2室1厅 ,40, 高楼层
下马坊 南理工西园小区 中间楼层 交通方便 设施完善,295,45177,南理工西园小区 ,2室1厅 ,65.3, 中楼层
此房是正规两居室的房子，户型方正,169,25739,殷巷新寓242幢至297幢 ,2室1厅 ,65.66, 低楼层
长江隧道地铁口，刚需，总价低，可以拎包入住，精装修,88,13278,明发新城中心 ,2室1厅 ,66.28, 中楼层
2室1厅 一楼带院子 采光无遮挡 随时看房,156,30739,岗虹苑 ,2室1厅 ,50.75, 低楼层
莫愁湖地铁口 不临街  采光好 满五年,192,48449,劲顺花园 ,2室1厅 ,39.63, 高楼层
大厂 百悦家花园 精装两居室 采光足楼层佳 出行方便,120,16372,百悦家花园 ,2室1厅 ,73.3, 中楼层
实际面积多十平，南北两房，不临街，总价低,210,32308,李府街 ,2室1厅 ,65, 高楼层
岗虹苑 采光好 交通便利 南部新城  高楼层,134,26519,岗虹苑 ,2室1厅 ,50.53, 高楼层
朗诗未来家 毛坯 小三房 空置毛坯,133,17052,朗诗未来家 ,3室2厅 ,78, 高楼层
此房位置佳 环境优 交通便利 采光足,205,30781,铁匠营 ,2室1厅 ,66.6, 高楼层
阳光广场，小区环境好，业主诚心出售,340,34581,阳光广场 ,2室1厅 ,98.32, 中楼层
万达华府南北朝向大两房，采光好，一梯两户得房率高,643,75188,万达华府东苑 ,2室2厅 ,85.52, 高楼层
玄武湖畔，高楼层，精装修单室套,166,30437,御湖国际 ,1室1厅 ,54.54, 中楼层
威尼斯水城第十八街区 2室1厅 160万,160,18605,威尼斯水城第十八街区 ,2室1厅 ,86, 低楼层
翠屏诚园 地铁口 游小 砂之船,255,30910,翠屏诚园 ,3室2厅 ,82.5, 高楼层
凤来南园 新空 毛坯 户型方正,145,21970,凤来南园 ,2室1厅 ,66, 中楼层
孝陵卫  罗汉巷  交通便捷  拎包入住  满五年唯一,148,33767,罗汉巷 ,1室1厅 ,43.83, 中楼层
银龙雅苑 电梯房 湿地公园旁 看房有钥匙 急售,121,23961,银龙雅苑 ,1室1厅 ,50.5, 中楼层
此房为开发商装修两房 视野采光佳 配套设施齐全,130,20313,金地自在城第二街区 ,2室1厅 ,64, 低楼层
银龙花园二期 3室1厅 163万,163,18753,银龙花园二期 ,3室1厅 ,86.92, 高楼层
石杨路 紫杨佳园 户型方正 采光充足 生活方便,182,21163,紫杨佳园 ,2室1厅 ,86, 高楼层
毛坯大两房   采光视野好  南北通透,210,20967,春江新城天隆坊 ,2室2厅 ,100.16, 高楼层
地铁口大两房，位置优，居家装修整洁素净,160,18848,润富花园 ,2室2厅 ,84.89, 高楼层
总价低 适合刚需 不临街 高楼层  采光充足,145,28096,卫岗26号小区 ,2室1厅 ,51.61, 高楼层
中间楼层，户型方正，采光刺眼，,82,12059,永欣新寓玫瑰苑 ,2室1厅 ,68, 中楼层
荣城南苑 南门新城 毛坯 好楼层,108,15212,荣城南苑 ,2室1厅 ,71, 中楼层
岱山新城 恒永西苑 大两房 中间楼层 看房方便,136,19668,恒永西苑 ,2室1厅 ,69.15, 中楼层
此房纯毛坯，采光无遮挡，看房有钥匙,148,23871,弘阳时光里二区 ,2室1厅 ,62, 低楼层
杨庄西村 2室1厅 75万,75,12712,杨庄西村 ,2室1厅 ,59, 高楼层
高虹苑 2室1厅 164万,164,27398,高虹苑 ,2室1厅 ,59.86, 中楼层
新模范马路9号 环境好 装修好,192,30859,新模范马路9号 ,2室1厅 ,62.22, 高楼层
太平苑 2室1厅 166.5万,166.5,28462,太平苑 ,2室1厅 ,58.5, 高楼层
三牌楼小区 精装低楼层双南两房 精装修 拎包入住,208,34472,铁路中街 ,2室1厅 ,60.34, 低楼层
精装修，满二年，南北通透，户型方正,148,20893,招商依云郡 ,2室1厅 ,70.84, 高楼层
后宰门 佛心桥  电梯房  采光好 看房方便,185,27955,佛心桥 ,2室1厅 ,66.18, 中楼层
"：
此房满五年，环境优美，交通方便，配套完善",289,31407,爱达花园紫藤园 ,2室2厅 ,92.02, 低楼层
白鹭新村新出精装好房，欢迎品鉴,195,40625,白鹭新村 ,2室1厅 ,48, 中楼层
精装修 满两年 江景房 地铁口 西边户,350,39909,深业滨江半岛 ,2室1厅 ,87.7, 高楼层
满两年 精装修 楼层好 视野佳 业主诚心出售,225,27833,百家湖国际花园 ,2室2厅 ,80.84, 中楼层
楼层好，视野佳，总价低，业主诚心出售,410,46381,阅城国际花园怡然园 ,2室2厅 ,88.4, 中楼层
户型方正，通透明亮，小区环境安静,108,25593,清溪路4号 ,1室1厅 ,42.2, 高楼层
先锋青年公寓 1室1厅 160万,160,30770,先锋青年公寓 ,1室1厅 ,52, 中楼层
户型方正， 采光好无遮挡， 楼层好,216,27311,雅仕居 ,2室2厅 ,79.09, 中楼层
盛世花园精装修，拎包入住。。。,160,26667,盛世花园 ,2室1厅 ,60, 中楼层
南北两室 有小区有物业 非顶楼 后宰门富贵山佛心桥,125,27192,富贵园公寓 ,2室1厅 ,45.97, 高楼层
武夷水岸家园 1室1厅 145万,145,25408,武夷水岸家园 ,1室1厅 ,57.07, 低楼层
南北精装  全明采光好  生活交通便利,193,43004,廊后街 ,2室1厅 ,44.88, 低楼层
新河一村南北通透一居室，卧室带阳台，采光好,326,76419,新河一村 ,1室1厅 ,42.66, 低楼层
河西金鹰 云锦路地铁口 婚装品牌家电  边户厅大两房,216,32852,白鹭花园凤栖苑 ,2室1厅 ,65.75, 高楼层
樱海公寓 紫金山脚下 小区环境好,110,26830,樱海公寓 ,1室1厅 ,41, 中楼层
南北通透2房 小区中间 采光好 配套成熟,170,32870,白鹭花园凤栖苑 ,2室1厅 ,51.72, 中楼层
近地铁 电梯景观房 两房朝南 客厅朝南,150,18182,盘金华府 ,2室2厅 ,82.5, 高楼层
房子低楼层，总价低，看房方便。采光好。,136,28387,光夏新村 ,2室0厅 ,47.91, 中楼层
一楼带院子，双南一北。三号线，,254,41167,森林里 ,3室1厅 ,61.7, 低楼层
云锦美地 栖霞建设 中间楼层 小区中间不临街,388,42433,云锦美地碧云居 ,2室2厅 ,91.44, 中楼层
先锋青年公寓 看房方便 楼层好 诚心出售,156,30140,先锋青年公寓 ,2室1厅 ,51.76, 低楼层
正规小区带物业，两个房间朝南，是小区最晚建的一栋楼,555,98720,西康路3号 ,2室1厅 ,56.22, 高楼层
雨花村 3室1厅 170万,170,27562,雨花村 ,3室1厅 ,61.68, 中楼层
满五唯一，南北通风，客厅带阳台，楼层适中,132,15977,百悦家花园 ,2室2厅 ,82.62, 中楼层
好楼层 边户 新空毛坯 业主急售,330,36876,奥克斯钟山府 ,3室2厅 ,89.49, 高楼层
满二年，朝南，楼层好，光线好，交通便利，大阳台,246,45556,雅居乐花园 ,2室1厅 ,54, 中楼层
房龄新 物业管理规范 绿化好 电梯房 业主诚心出售,133,17500,朗诗青春街区 ,3室1厅 ,76, 高楼层
镇江路 回龙桥 居家精装修中高楼层视野开阔  采光充足,146,27821,回龙桥 ,2室1厅 ,52.48, 高楼层
三开间朝南，单价低，总价低，三山街商圈，业主诚心卖,157,29534,仙鹤街 ,2室1厅 ,53.16, 中楼层
满五年唯一，楼层适中，鼓楼地铁，鼓楼医院,160,39911,尖角营小区 ,2室1厅 ,40.09, 中楼层
三开间朝南户型方正  中间楼层采光好,120,13954,翠屏城 ,3室1厅 ,86, 中楼层
高层电梯房 视野开阔 正对方山景区 环境优美 业主急售,148,21204,天祥家园 ,2室1厅 ,69.8, 高楼层
40万精装修 靠地铁口 景观楼层两房,270,31178,雍福龙庭 ,2室2厅 ,86.6, 高楼层
热河南路五段小区 2室1厅 198万,198,34138,热河南路五段小区 ,2室1厅 ,58, 低楼层
锁金村 玄武湖 紫金山 三号线 四号线 满五年,172,31003,锁金村82号 ,2室1厅 ,55.48, 中楼层
天地新城 天柱座  精装修 低总价 两房,150,21490,天地新城天柱座 ,2室1厅 ,69.8, 中楼层
该小区位于上海路，房子是双南户型。,168,36491,上海路 ,2室0厅 ,46.04, 高楼层
婚装一次未住 户型方正  双南 保养好,103,18393,上怡二村 ,2室1厅 ,56, 高楼层
景明佳园拾景苑 2室1厅 130万,130,18979,景明佳园拾景苑 ,2室1厅 ,68.5, 中楼层
锦华新城 二房户型楼层次顶楼充足视野开阔随时看房,97,16725,锦华新城 ,2室1厅 ,58, 高楼层
七号线口  满五年唯一  双南户型  随时可看  价格可谈,138,22259,尧化新村 ,2室2厅 ,62, 低楼层
钟灵街54号 2室1厅 145万,145,27287,钟灵街54号 ,2室1厅 ,53.14, 高楼层
工人新村 中间楼层 看房方便  一南一北,195,34032,工人新村 ,2室1厅 ,57.3, 中楼层
鼓楼 黑龙江路 交通方便 生活便利 居家装修 拎包入住,180,27951,黑龙江路12巷 ,2室1厅 ,64.4, 中楼层
润泰花园 2室2厅 135万,135,18750,润泰花园 ,2室2厅 ,72, 中楼层
翠屏城 3室2厅 120万,120,13883,翠屏城 ,3室2厅 ,86.44, 低楼层
南北通透格局  视野开阔 采光充足 配套齐全 满五唯一,181,23639,天地花园 ,3室1厅 ,76.57, 高楼层
满两年朝南楼层好，不靠马路安静，装修拎包入住。,178,35061,东渡国际青年城 ,1室1厅 ,50.77, 中楼层
满五年 房龄新 南京大学 经典户型 诚心出售,160,39477,吉兆花园 ,2室1厅 ,40.53, 中楼层
石门坎 精装修两房 双南双北 户型好 总价低 有钥匙,179,31278,石门坎 ,2室1厅 ,57.23, 中楼层
夫子庙 水游城 三山街 环北大市场 建康路,176,32593,文思新村 ,2室1厅 ,54, 中楼层
业主急卖 位置佳 交通便利 配套设施齐全,265,31874,时光澔韵 ,2室1厅 ,83.14, 低楼层
南站商圈  银城物业  近地铁  生活方便  业主诚心出售,133,29021,南方花园B组团 ,2室1厅 ,45.83, 高楼层
时代商圈 全南户型 中间楼层 环境优美 视野开阔,95,11611,荣盛鹭岛荣府 ,2室2厅 ,81.82, 中楼层
时代商圈 鹭岛荣府 全南户型 毛坯房 中上楼层,96,11485,荣盛鹭岛荣府 ,2室2厅 ,83.59, 高楼层
汇景家园汇安苑 无收益金 精装修两房,180,31579,汇景家园汇安苑 ,2室1厅 ,57, 中楼层
地铁一号线别沿线太新路站招商公园里毛坯，急售,280,31436,招商1872公园里 ,3室2厅 ,89.07, 中楼层
小区成熟商圈，超市，交通，出行，地铁都很方便,254,34724,康博花园 ,2室1厅 ,73.15, 中楼层
其中一个卧室带阳台， 全明户型,135,31301,蓝旗新村 ,2室1厅 ,43.13, 高楼层
全新装修 未入住 智能灯具 有钥匙随时看 诚心出售,130,26805,天地新城天柱座 ,2室1厅 ,48.5, 低楼层
塞纳名邸 2室2厅 75万,75,11397,塞纳名邸 ,2室2厅 ,65.81, 中楼层
毛坯两房带设施 满五年唯一 无遮挡采光足,188,20980,国信阅景龙华 ,2室2厅 ,89.61, 低楼层
新河苑一期 居家装修两室 满五唯一 看房方便,146,24497,春江新城新河苑一期 ,2室1厅 ,59.6, 低楼层
虹苑五村三楼东边户采光无遮挡满五年有钥匙,204,37876,虹苑新寓五村 ,2室1厅 ,53.86, 中楼层
同心佳园 2室2厅 168万,168,19137,同心佳园 ,2室2厅 ,87.79, 高楼层
义民新村小两房  户型方正  婚装,135,30822,义民新村35号 ,2室1厅 ,43.8, 高楼层
新河一村 卧室南向正规一居 中间楼层 产权满两年,318,82192,新河一村 ,1室1厅 ,38.69, 中楼层
闹中取静 采光充足 交通便利 生活方便,140,27038,镇江路 ,2室1厅 ,51.78, 中楼层
不临街精装修拎包入住有钥匙中间楼层,178,33879,台园 ,2室1厅 ,52.54, 中楼层
采光无遮挡 房龄新 单室套总价低  满两年,272,70485,蓁巷 ,1室1厅 ,38.59, 高楼层
花语城毛坯两房  采光充足  视野好,99,12438,荣城东苑 ,2室1厅 ,79.6, 低楼层
北望紫金，精装带电梯，出行便利,229,29359,东景花园 ,2室1厅 ,78, 低楼层
此房满五年 居家精装全屋硅藻泥，拎包入住,215,27995,合家春天 ,2室1厅 ,76.8, 中楼层
莺虹苑 2室1厅 175万,175,28479,莺虹苑 ,2室1厅 ,61.45, 中楼层
拎包入住 采光充足 精装修 业主诚心出售,145,24863,月苑三村 ,2室1厅 ,58.32, 高楼层
好房急售，业主诚心出售，楼层好。,209,24004,弘阳旭日上城三区 ,2室2厅 ,87.07, 高楼层
鼓楼区金碧花园 高楼层采光佳 业主诚意出售,175,24309,金碧花园 ,2室1厅 ,71.99, 中楼层
翠岭银河  楼层高  两房朝南采光好  配套成熟,170,23449,翠岭银河 ,2室1厅 ,72.5, 中楼层
板桥新城 梅山 低总价 楼层好 边户 户型好,92,15863,上怡新村 ,2室1厅 ,58, 高楼层
满五唯一，无抵押无贷款，不占用！,200,41212,北苑一村 ,2室1厅 ,48.53, 低楼层
农机大院小区 2室1厅 203万,203,32642,农机大院小区 ,2室1厅 ,62.19, 低楼层
东郊小镇第三街区 2室2厅 158万,158,20028,东郊小镇第三街区 ,2室2厅 ,78.89, 低楼层
摄山星城天佑苑 2室1厅 100万,100,17007,摄山星城天佑苑 ,2室1厅 ,58.8, 高楼层
春江新城韩府坊 2室1厅 165万,165,27620,春江新城韩府坊 ,2室1厅 ,59.74, 高楼层
珠江路(玄武) 3室1厅 315万,315,45521,珠江路(玄武) ,3室1厅 ,69.2, 中楼层
姜家园 2室1厅 162万,162,33062,姜家园 ,2室1厅 ,49, 高楼层
急售弘阳爱上花园 南北通透近地铁口南京一中弘阳商圈,177,23321,弘阳爱上城 ,2室2厅 ,75.9, 中楼层
低楼层   南北通透   看房方便,230,39156,上海路新村 ,2室1厅 ,58.74, 低楼层
双卧朝南居家装修看房方便业主诚心出售2010年房龄,139,25403,春江新城新河苑二期 ,2室1厅 ,54.72, 中楼层
楼层好，视野好，采光足，总价低。,175,17500,润泰花园 ,3室2厅 ,100, 中楼层
禹洲弘阳滨湖里 3室2厅 158万,158,17447,禹洲弘阳滨湖里 ,3室2厅 ,90.56, 中楼层
湖北路 2室1厅 199万,199,38664,湖北路 ,2室1厅 ,51.47, 中楼层
河西奥体 万科物业 满五唯一 无遮挡采光好,413,39092,滨江奥城观澜苑 ,2室2厅 ,105.65, 高楼层
精装修，看房方便，小区环境好，房龄新。,170,22229,银亿东城第九街区 ,2室1厅 ,76.48, 中楼层
精装修 主卧朝南次卧朝北 客厅有窗户 全明户型,193.8,28517,爱达花园兰花园 ,2室1厅 ,67.96, 高楼层
17年交付的次新房，满两年过户，采光不挡，带一个车库,177,20114,威尼斯水城第十八街区 ,2室2厅 ,88, 低楼层
南北通透两房，总价低，看房方便。,186,32712,真园 ,2室1厅 ,56.86, 中楼层
岱山新城 长盛西苑小区  刚需两房  户型方正 朝南卧室,118,20680,长盛西苑 ,2室1厅 ,57.06, 高楼层
满两年免增值税，采光无遮挡，配套全,175,22802,博学苑玉兰园 ,2室1厅 ,76.75, 高楼层
鼓楼 满五 居家装修 交通便利 配套齐全 看房方便,133,23087,金陵新七村 ,2室2厅 ,57.61, 高楼层
地铁3号线天润城地铁站 交通便利 南北通透,195,21935,天润城第十二街区 ,2室2厅 ,88.9, 高楼层
中间楼层 户型双南 采光不遮挡 经济适用房,145,23212,易盛家园 ,2室1厅 ,62.47, 中楼层
电梯三房 精装修 满五年 2009年房龄,268,34329,雅居乐花园 ,3室1厅 ,78.07, 高楼层
百家湖精装两房  楼层采光好 满两年 统一装修,253,34107,中航樾府 ,2室1厅 ,74.18, 中楼层
东郊小镇第五街区 1室1厅 82万,82,19446,东郊小镇第五街区 ,1室1厅 ,42.17, 中楼层
软件大道地铁 蓝筹谷 精装修 拎包入住 满五年,289,39081,蓝筹谷 ,2室2厅 ,73.95, 高楼层
亲情公寓小两房，楼层好，采光佳,103,23136,康博花园亲情公寓 ,2室1厅 ,44.52, 中楼层
两房朝南户型 拎包入住 看房方便 空置,220,24176,金陵天成 ,2室2厅 ,91, 中楼层
新民花苑，房子精装修，了直接拎包入住,82,12440,新民花苑 ,2室1厅 ,65.92, 中楼层
业主诚心出售 看房方便 采光充足 楼层佳,172,28487,雨花新村五村 ,2室1厅 ,60.38, 中楼层
此房满五唯一  楼层好 精装修 采光户型好,188,21955,西苑阳光翠庭 ,2室2厅 ,85.63, 中楼层
滨江嘉园 2室2厅 148万,148,20000,滨江嘉园 ,2室2厅 ,74, 中楼层
新街口 电梯房 户型方正 精装修 拎包入住,208,27251,大王府巷 ,2室1厅 ,76.33, 中楼层
通透格局，楼层好，视野宽阔，采光充足，配套设施齐..,154,22648,金达花园 ,2室2厅 ,68, 高楼层
（精）精装双南 南北双大露台 顶跃得房率高 满五年急,170,17172,银龙花园二期 ,3室2厅 ,99, 高楼层
精装修 高楼层 次新小区 诚心出售 可以拎包入住,300,23842,弘阳旭日上城二区 ,3室2厅 ,125.83, 高楼层
满两年边户采光好交通方便（有高铁到南站）,84,8843,新铜花苑龙吟园 ,3室1厅 ,95, 高楼层
大里聚福城 华庭南苑三室一厅 低楼层看房方便,155,16614,华庭南园 ,3室1厅 ,93.3, 低楼层
此房产权清晰。南北户型，楼层好。视野宽阔,92,9788,城东新苑一期 ,3室2厅 ,94, 中楼层
贝壳真房源阿尔卡迪亚小三房中楼楼层 满五年,158,18545,荣盛阿尔卡迪亚 ,3室1厅 ,85.2, 低楼层
小区中间 景观带 视野好 满五年 精装 中间楼层,498,41487,半山花园 ,3室2厅 ,120.04, 中楼层
江畔人家 3室2厅 100万,100,11424,江畔人家 ,3室2厅 ,87.54, 高楼层
精装修跃层 空调带地暖 报价含一个地下车位,835,63019,苏宁璞邸 ,4室3厅 ,132.5, 高楼层
盛棠苑 主城位置 地铁口 证满五年,158,17363,盛棠苑 ,3室2厅 ,91, 中楼层
东虹花苑西苑 毛坯三房 总价低 房主诚售价可谈,126,13362,东虹花苑西苑 ,3室2厅 ,94.3, 高楼层
七里花园 3室1厅 78万,78,8667,七里花园 ,3室1厅 ,90, 高楼层
30W精装大三房 改善首先，看房提前联系 方便 满两年,255,19922,威尼斯水城第七街区 ,3室2厅 ,128, 中楼层
满五唯一，近地铁，看房方便，采光好，视野宽阔,335,44260,洪武路 ,3室1厅 ,75.69, 中楼层
金都悦园 简装 好楼层 证满五年,165,11905,金都悦园 ,4室2厅 ,138.6, 中楼层
房龄新 使用率高 2跃3 两代人居住互补干扰,350,28260,平安里小区 ,3室2厅 ,123.85, 低楼层
金隅紫京府；精装修改善三房，中高楼层》,615,58019,金隅紫京府 ,3室2厅 ,106, 中楼层
珠江路 电梯房三房 满五唯一 配套设施成熟,265,31009,北门桥小区 ,3室1厅 ,85.46, 中楼层
新世纪花园 3室1厅 80万,80,8889,新世纪花园 ,3室1厅 ,90, 高楼层
优质房源，一楼带院子！采光不挡,280,31819,南农大小区 ,3室1厅 ,88, 低楼层
河西金鹰万达 安如村 温馨两室 诚心出售,130,27067,安如村 ,2室1厅 ,48.03, 高楼层
此房满五年唯一 位置安静 居家装修保养好 可拎包入住,228,25475,上城风景 ,3室1厅 ,89.5, 低楼层
紫金山口 东方城 松林谷 商品房 中间楼层,330,29488,紫金山松林谷 ,3室2厅 ,111.91, 低楼层
南林大校园内 环境优美 采光无遮挡 业主诚心出售,330,39286,南林一村 ,3室1厅 ,84, 中楼层
河西商品房，闹中取静，咫尺金鹰,465,38526,金陵世家 ,3室2厅 ,120.7, 中楼层
秦淮东郡 3室2厅 107万,107,11146,秦淮东郡 ,3室2厅 ,96, 中楼层
金陵天成精装公寓 拎包入住 刚需客户速看,168,18984,金陵天成 ,2室1厅 ,88.5, 中楼层
戴家巷 归云堂  满五年唯一  精装 中间楼层,193,26439,归云堂 ,3室1厅 ,73, 中楼层
上下两层实用面积大，院子30平已盖好,210,41892,茶亭东街9巷 ,4室1厅 ,50.13, 低楼层
双南卧室 精装修 中高层 户型方正 采光视野很好,142,26697,十字街70号 ,2室1厅 ,53.19, 高楼层
万科品质 精装三房 通透 环境宜人,192,22589,万科璞悦山 ,3室1厅 ,85, 高楼层
扬子十九村暖气房  小三房  采光好,102,15025,扬子十九村 ,3室1厅 ,67.89, 高楼层
碧瑶花园少有的小区中间中上楼层经典大三房 满五唯一,750,54262,碧瑶花园一期 ,3室2厅 ,138.22, 中楼层
裕顺雅苑，电梯三房，交通便利，可观秦淮河,430,41426,裕顺雅苑 ,3室2厅 ,103.8, 中楼层
盘城新居 中装两房 配套成熟 交通便利,130,13979,盘城新居 ,2室2厅 ,93, 高楼层
万科金域蓝湾 无遮挡看房方便 精装修 中间楼层,320,35243,万科金域蓝湾 ,3室2厅 ,90.8, 高楼层
满五年唯一，电梯三房，交通便利，视野开阔,195,21319,象山和园 ,3室1厅 ,91.47, 中楼层
米巷小区 3室1厅 112万,112,11703,米巷小区 ,3室1厅 ,95.71, 中楼层
世茂君望墅 电梯房 大户型 房东诚心卖 随时看房,580,24787,世茂君望墅 ,4室2厅 ,234, 低楼层
迈皋桥地铁口 南北婚装两房 拎包入住 楼层好,153,25290,十字街70号 ,2室1厅 ,60.5, 中楼层
幸福家园 方洲广场地铁站 南北户型 总价不高有装修,105,10877,幸福家园 ,3室1厅 ,96.54, 低楼层
马群东麒麟东郊满两年 精装修 看房方便 户型方正,170,18940,东郊小镇第六街区 ,3室1厅 ,89.76, 中楼层
精装好房 4号线地铁口 采光佳 位置安静,395,30742,阳光聚宝山庄 ,3室2厅 ,128.49, 中楼层
此房30万精装修，旁边有轨电车出行便捷,172,18379,华庭北园 ,3室2厅 ,93.59, 低楼层
骋望七里楠花园 2室2厅 85万,85,10241,骋望七里楠花园 ,2室2厅 ,83, 低楼层
满五年 居家装修 采光好，一楼有小院,190,41341,石头城79号 ,2室1厅 ,45.96, 低楼层
精装修带入户花园 采光无遮挡 业主诚心卖房,235,18310,威尼斯水城第七街区 ,3室2厅 ,128.35, 中楼层
龙池花园 3室1厅 106万,106,11967,龙池花园 ,3室1厅 ,88.58, 高楼层
堂子街小区 房龄新 一楼 采光好 交通方便,190,33351,堂子街 ,2室1厅 ,56.97, 低楼层
双南一北 户型方正 环境好 28万精装修,328,45728,吉兆花园 ,3室1厅 ,71.73, 中楼层
视野开阔，可观秦淮河，新空未入住过,580,44275,朗诗玲珑屿 ,3室2厅 ,131, 高楼层
瑞金北村 2室1厅 320万,320,41624,瑞金北村 ,2室1厅 ,76.88, 高楼层
房子南北通透户型方正，视野开阔,550,77074,芳草园 ,3室1厅 ,71.36, 中楼层
2000年房龄 业主精装修 双南一北东边户  一楼架空,290,36817,天湖园 ,3室1厅 ,78.77, 低楼层
房子楼层好 采光充足 视野开阔 看房方便 业主诚心出售,400,36698,华阳佳园华清苑 ,3室2厅 ,109, 高楼层
汉中门大街 满两年 大两房 2号线地铁口 有车位,278,28348,汉中门大街 ,2室2厅 ,98.07, 高楼层
两证齐全；满二年唯一。环境优越。,180,34823,钟山山庄 ,2室1厅 ,51.69, 低楼层
银城物业商品房小区非顶楼，户型通透采光好，精装修,275,30658,兰亭雅苑 ,2室2厅 ,89.7, 高楼层
楼层好，采光好，视野宽阔，配套齐全，交通便利,265,33892,秦淮花园 ,2室2厅 ,78.19, 高楼层
精装三房 采光好 户型方正 业主诚心出售 落地窗,232,18964,华汇康城 ,3室2厅 ,122.34, 高楼层
小两房，中间楼层， 小区规整 闹中取静 交通方便,155,28024,东井村44号 ,2室1厅 ,55.31, 中楼层
婚装房 住了不到一个月 业主诚心卖房 离地铁近,228,21347,威尼斯水城第一街区 ,3室2厅 ,106.81, 中楼层
萨家湾 3室1厅 175万,175,26120,萨家湾 ,3室1厅 ,67, 高楼层
金陵尚府 2室2厅 288万,288,38503,金陵尚府 ,2室2厅 ,74.8, 高楼层
94年不临街 双南两房 有露台50平 满五年 采光充足,172,33392,石婆婆巷 ,2室1厅 ,51.51, 高楼层
翠岭银河 3室1厅 192万,192,22069,翠岭银河 ,3室1厅 ,87, 中楼层
花港幸福城茉莉园 三室一厅 简装 东边户,155,17523,茉莉园 ,3室1厅 ,88.46, 低楼层
银河湾花园，两房朝南 ，满五唯一无个税,259,23334,银河湾花园 ,3室2厅 ,111, 中楼层
三山街地铁口低总价双南一北全明满五年,175,25570,玉带园 ,3室1厅 ,68.44, 高楼层
户型方正大三房 交通方便 配套成熟 拎包入住 随时可看,310,32168,龙蟠中路 ,3室2厅 ,96.37, 高楼层
上海路 华侨路 满五年 一楼带大院子 采光不遮挡,246,51304,豆菜桥小区 ,2室1厅 ,47.95, 低楼层
绿洲苑，婚装房，房屋整洁干净~,245,28161,洲岛家园 ,3室1厅 ,87, 中楼层
水月秦淮  通透三房    河 边就是南京南站,275,21562,水月秦淮 ,3室2厅 ,127.54, 高楼层
玄武湖 紫金山 低楼层 3房户型方正,248,36709,太平门东街 ,3室1厅 ,67.56, 低楼层
满五唯一 南北通透户型 中间楼层采光好 银城物业,505,38524,江南名府 ,3室2厅 ,131.09, 中楼层
满两年  精装修  万达商圈  楼层好,360,48097,万达西地一期 ,2室2厅 ,74.85, 中楼层
溧水万达广场 3室2厅 148万,148,14096,溧水万达广场 ,3室2厅 ,105, 中楼层
天元吉第城精装两房，南北通透，带入户花园,225,26163,天元吉第城 ,2室2厅 ,86, 低楼层
7号线地铁口 3楼 双南双北 小区刚出新 生活配套齐全,193,32723,艺苑村 ,2室1厅 ,58.98, 中楼层
简装房  楼龄新 看房方便 属于百家湖SCHOOL,270,28724,河定桥新苑 ,3室2厅 ,94, 低楼层
奥体精装挑高两房 满五年唯一 带电梯 园林式小区,300,61288,金基汇锦国际 ,2室2厅 ,48.95, 中楼层
锁金四村 带电梯 直视紫金山  三房户型,288,33579,锁金四村 ,3室2厅 ,85.77, 高楼层
方山脚下 环境优异  居家保养新 刚需置业手选,180,19355,横岭新寓 ,2室1厅 ,93, 中楼层
